NO,FEAR,SHAKESPEARE,Hamlet,Henry,V,Julius,Caesar,King,Lear,Macbeth,Othello,Richard,III,Romeo,and,Juliet,Hamlet,Henry,V
Henry,V,Julius,Caesar,King,Lear,Macbeth,Othello,Richard,III,Romeo,and,Juliet,Sonnets,The,Tempest,Twelfth,Night,Julius,Caesar
King,Lear,Macbeth,Othello,Richard,III,Romeo,and,Juliet,Sonnets,The,Tempest,Twelfth,Night,NO,FEAR,SHAKESPEARE,THE,Macbeth,Othello
Othello,Richard,III,Romeo,and,Juliet,Sonnets,The,Tempest,Twelfth,Night,NO,FEAR,SHAKESPEARE,THE,TEMPEST,by,Spark,Publishing,Richard
Romeo,and,Juliet,Sonnets,The,Tempest,Twelfth,Night,NO,FEAR,SHAKESPEARE,THE,TEMPEST,by,Spark,Publishing,publisher,Sonnets,The,Tempest
The,Tempest,Twelfth,Night,NO,FEAR,SHAKESPEARE,THE,TEMPEST,by,Spark,Publishing,publisher,Spark,Publishing,ISBN,character,PR,Twelfth,Night
NO,FEAR,SHAKESPEARE,THE,TEMPEST,by,Spark,Publishing,publisher,Spark,Publishing,ISBN,character,PR,A,dc,FEAR,THE,TEMPEST,by
by,Spark,Publishing,publisher,Spark,Publishing,ISBN,character,PR,A,dc,FEAR,NOT,THE,TEMPEST,Characters,ACT,publisher,Spark,Publishing
Spark,Publishing,ISBN,character,PR,A,dc,FEAR,NOT,THE,TEMPEST,Characters,ACT,ONE,Scene,ACT,TWO,Scene,ISBN,character
character,PR,A,dc,FEAR,NOT,THE,TEMPEST,Characters,ACT,ONE,Scene,ACT,TWO,Scene,ACT,THREE,Scene,PR,A
PR,A,dc,FEAR,NOT,THE,TEMPEST,Characters,ACT,ONE,Scene,ACT,TWO,Scene,ACT,THREE,Scene,dc,FEAR,THE
Scene,ACT,TWO,Scene,ACT,THREE,Scene,ACT,FOUR,Scene,ACT,FIVE,Scene,Epilogue,CHARACTERS,father,the,ACT,TWO,ACT
Scene,ACT,THREE,Scene,ACT,FOUR,Scene,ACT,FIVE,Scene,Epilogue,CHARACTERS,father,the,play,ACT,ONE,SCENE,ACT,Scene
ACT,FOUR,Scene,ACT,FIVE,Scene,Epilogue,CHARACTERS,father,the,play,ACT,ONE,SCENE,Original,Text,MASTER,Boatswain,Scene,ACT
ACT,FIVE,Scene,Epilogue,CHARACTERS,father,the,play,ACT,ONE,SCENE,Original,Text,MASTER,Boatswain,!,BOATSWAIN,MASTER,Scene,Epilogue
Epilogue,CHARACTERS,father,the,play,ACT,ONE,SCENE,Original,Text,MASTER,Boatswain,!,BOATSWAIN,MASTER,Exit,MASTER,Enter,MARINERS,CHARACTERS
father,the,play,ACT,ONE,SCENE,Original,Text,MASTER,Boatswain,!,BOATSWAIN,MASTER,Exit,MASTER,Enter,MARINERS,BOATSWAIN,others,the
ACT,ONE,SCENE,Original,Text,MASTER,Boatswain,!,BOATSWAIN,MASTER,Exit,MASTER,Enter,MARINERS,BOATSWAIN,others,ALONSO,BOATSWAIN,SCENE,Original
Original,Text,MASTER,Boatswain,!,BOATSWAIN,MASTER,Exit,MASTER,Enter,MARINERS,BOATSWAIN,others,ALONSO,BOATSWAIN,ANTONIO,BOATSWAIN,GONZALO,MASTER,Boatswain
Boatswain,!,BOATSWAIN,MASTER,Exit,MASTER,Enter,MARINERS,BOATSWAIN,others,ALONSO,BOATSWAIN,ANTONIO,BOATSWAIN,GONZALO,BOATSWAIN,Exit,BOATSWAIN,MASTER,Exit
Exit,MASTER,Enter,MARINERS,BOATSWAIN,others,ALONSO,BOATSWAIN,ANTONIO,BOATSWAIN,GONZALO,BOATSWAIN,Exit,BOATSWAIN,GONZALO,Enter,BOATSWAIN,Enter,MARINERS,Enter
BOATSWAIN,others,ALONSO,BOATSWAIN,ANTONIO,BOATSWAIN,GONZALO,BOATSWAIN,Exit,BOATSWAIN,GONZALO,Enter,BOATSWAIN,A,cry,within,our,others,ALONSO,BOATSWAIN
ANTONIO,BOATSWAIN,GONZALO,BOATSWAIN,Exit,BOATSWAIN,GONZALO,Enter,BOATSWAIN,A,cry,within,our,office,SEBASTIAN,dog,!,BOATSWAIN,GONZALO,BOATSWAIN
GONZALO,BOATSWAIN,Exit,BOATSWAIN,GONZALO,Enter,BOATSWAIN,A,cry,within,our,office,SEBASTIAN,dog,!,BOATSWAIN,ANTONIO,GONZALO,BOATSWAIN,Exit
Enter,BOATSWAIN,A,cry,within,our,office,SEBASTIAN,dog,!,BOATSWAIN,ANTONIO,GONZALO,BOATSWAIN,MARINERS,Exit,MARINERS,BOATSWAIN,A,A
SEBASTIAN,dog,!,BOATSWAIN,ANTONIO,GONZALO,BOATSWAIN,MARINERS,Exit,MARINERS,BOATSWAIN,GONZALO,SEBASTIAN,ANTONIO,ten,tides,!,GONZALO,VOICES,dog
BOATSWAIN,ANTONIO,GONZALO,BOATSWAIN,MARINERS,Exit,MARINERS,BOATSWAIN,GONZALO,SEBASTIAN,ANTONIO,ten,tides,!,GONZALO,VOICES,ANTONIO,SEBASTIAN,GONZALO,ANTONIO
GONZALO,BOATSWAIN,MARINERS,Exit,MARINERS,BOATSWAIN,GONZALO,SEBASTIAN,ANTONIO,ten,tides,!,GONZALO,VOICES,ANTONIO,SEBASTIAN,GONZALO,Exeunt,ACT,BOATSWAIN
MARINERS,Exit,MARINERS,BOATSWAIN,GONZALO,SEBASTIAN,ANTONIO,ten,tides,!,GONZALO,VOICES,ANTONIO,SEBASTIAN,GONZALO,Exeunt,ACT,ONE,SCENE,Exit
BOATSWAIN,GONZALO,SEBASTIAN,ANTONIO,ten,tides,!,GONZALO,VOICES,ANTONIO,SEBASTIAN,GONZALO,Exeunt,ACT,ONE,SCENE,Modern,Text,MASTER,GONZALO
SEBASTIAN,ANTONIO,ten,tides,!,GONZALO,VOICES,ANTONIO,SEBASTIAN,GONZALO,Exeunt,ACT,ONE,SCENE,Modern,Text,MASTER,Boatswain,!,ANTONIO
ten,tides,!,GONZALO,VOICES,ANTONIO,SEBASTIAN,GONZALO,Exeunt,ACT,ONE,SCENE,Modern,Text,MASTER,Boatswain,!,GONZALO,VOICES,ANTONIO
VOICES,ANTONIO,SEBASTIAN,GONZALO,Exeunt,ACT,ONE,SCENE,Modern,Text,MASTER,Boatswain,!,BOATSWAIN,MASTER,SAILORS,enter,BOATSWAIN,ALONSO,ANTONIO
SEBASTIAN,GONZALO,Exeunt,ACT,ONE,SCENE,Modern,Text,MASTER,Boatswain,!,BOATSWAIN,MASTER,SAILORS,enter,BOATSWAIN,ALONSO,work,BOATSWAIN,GONZALO
Exeunt,ACT,ONE,SCENE,Modern,Text,MASTER,Boatswain,!,BOATSWAIN,MASTER,SAILORS,enter,BOATSWAIN,ALONSO,work,BOATSWAIN,ANTONIO,BOATSWAIN,ACT
SCENE,Modern,Text,MASTER,Boatswain,!,BOATSWAIN,MASTER,SAILORS,enter,BOATSWAIN,ALONSO,work,BOATSWAIN,ANTONIO,BOATSWAIN,GONZALO,BOATSWAIN,Modern,Boatswain
BOATSWAIN,ALONSO,work,BOATSWAIN,ANTONIO,BOATSWAIN,GONZALO,BOATSWAIN,the,wind,SEBASTIAN,BOATSWAIN,ANTONIO,GONZALO,BOATSWAIN,SAILORS,ALONSO,work,BOATSWAIN,ANTONIO
GONZALO,BOATSWAIN,the,wind,SEBASTIAN,BOATSWAIN,ANTONIO,GONZALO,BOATSWAIN,SAILORS,BOATSWAIN,GONZALO,SEBASTIAN,ANTONIO,GONZALO,VOICES,ANTONIO,SEBASTIAN,BOATSWAIN,GONZALO
the,wind,SEBASTIAN,BOATSWAIN,ANTONIO,GONZALO,BOATSWAIN,SAILORS,BOATSWAIN,GONZALO,SEBASTIAN,ANTONIO,GONZALO,VOICES,ANTONIO,SEBASTIAN,GONZALO,They,SEBASTIAN,BOATSWAIN
BOATSWAIN,ANTONIO,GONZALO,BOATSWAIN,SAILORS,BOATSWAIN,GONZALO,SEBASTIAN,ANTONIO,GONZALO,VOICES,ANTONIO,SEBASTIAN,GONZALO,They,exit,ACT,SCENE,Original,ANTONIO
GONZALO,BOATSWAIN,SAILORS,BOATSWAIN,GONZALO,SEBASTIAN,ANTONIO,GONZALO,VOICES,ANTONIO,SEBASTIAN,GONZALO,They,exit,ACT,SCENE,Original,Text,MIRANDA,BOATSWAIN
SAILORS,BOATSWAIN,GONZALO,SEBASTIAN,ANTONIO,GONZALO,VOICES,ANTONIO,SEBASTIAN,GONZALO,They,exit,ACT,SCENE,Original,Text,MIRANDA,PROSPERO,Be,BOATSWAIN
GONZALO,SEBASTIAN,ANTONIO,GONZALO,VOICES,ANTONIO,SEBASTIAN,GONZALO,They,exit,ACT,SCENE,Original,Text,MIRANDA,PROSPERO,Be,collected,MIRANDA,SEBASTIAN
ANTONIO,GONZALO,VOICES,ANTONIO,SEBASTIAN,GONZALO,They,exit,ACT,SCENE,Original,Text,MIRANDA,PROSPERO,Be,collected,MIRANDA,PROSPERO,No,GONZALO
VOICES,ANTONIO,SEBASTIAN,GONZALO,They,exit,ACT,SCENE,Original,Text,MIRANDA,PROSPERO,Be,collected,MIRANDA,PROSPERO,No,harm,MIRANDA,ANTONIO
SEBASTIAN,GONZALO,They,exit,ACT,SCENE,Original,Text,MIRANDA,PROSPERO,Be,collected,MIRANDA,PROSPERO,No,harm,MIRANDA,More,to,GONZALO
They,exit,ACT,SCENE,Original,Text,MIRANDA,PROSPERO,Be,collected,MIRANDA,PROSPERO,No,harm,MIRANDA,More,to,know,ACT,SCENE
Original,Text,MIRANDA,PROSPERO,Be,collected,MIRANDA,PROSPERO,No,harm,MIRANDA,More,to,know,PROSPERO,Tis,time,So,MIRANDA,PROSPERO
PROSPERO,Be,collected,MIRANDA,PROSPERO,No,harm,MIRANDA,More,to,know,PROSPERO,Tis,time,So,MIRANDA,You,have,often,Be
MIRANDA,PROSPERO,No,harm,MIRANDA,More,to,know,PROSPERO,Tis,time,So,MIRANDA,You,have,often,PROSPERO,MIRANDA,PROSPERO,No
Tis,time,So,MIRANDA,You,have,often,PROSPERO,MIRANDA,PROSPERO,So,MIRANDA,You,have,often,PROSPERO,MIRANDA,You,have,MIRANDA
PROSPERO,MIRANDA,I,should,sin,PROSPERO,MIRANDA,Would,MIRANDA,PROSPERO,MIRANDA,PROSPERO,MIRANDA,I,should,sin,PROSPERO,MIRANDA,Would,I
MIRANDA,PROSPERO,MIRANDA,Would,I,might,PROSPERO,MIRANDA,sleeps,Enter,ARIEL,PROSPERO,MIRANDA,Would,I,might,PROSPERO,MIRANDA,PROSPERO,MIRANDA
MIRANDA,Would,I,might,PROSPERO,MIRANDA,sleeps,Enter,ARIEL,PROSPERO,ARIEL,Not,a,soul,PROSPERO,Would,I,might,Would,PROSPERO
PROSPERO,MIRANDA,sleeps,Enter,ARIEL,PROSPERO,ARIEL,Not,a,soul,PROSPERO,ARIEL,Safely,MIRANDA,sleeps,Enter,ARIEL,PROSPERO,PROSPERO,ARIEL
Not,a,soul,PROSPERO,ARIEL,Safely,in,harbor,PROSPERO,ARIEL,My,liberty,PROSPERO,ARIEL,Safely,in,ARIEL,PROSPERO,ARIEL,Safely
ARIEL,PROSPERO,ARIEL,Safely,in,harbor,PROSPERO,ARIEL,My,liberty,PROSPERO,ARIEL,I,prithee,PROSPERO,Dost,PROSPERO,ARIEL,Safely,Safely
PROSPERO,ARIEL,My,liberty,PROSPERO,ARIEL,I,prithee,PROSPERO,Dost,thou,forget,ARIEL,No,PROSPERO,ARIEL,My,liberty,My,liberty
PROSPERO,Dost,thou,forget,ARIEL,No,PROSPERO,ARIEL,PROSPERO,Exit,ARIEL,PROSPERO,ARIEL,PROSPERO,Exit,ARIEL,to,MIRANDA,Awake,!
PROSPERO,ARIEL,PROSPERO,Exit,ARIEL,to,MIRANDA,Awake,!,MIRANDA,PROSPERO,CALIBAN,ARIEL,PROSPERO,Exit,ARIEL,to,MIRANDA,PROSPERO,ARIEL
PROSPERO,ARIEL,PROSPERO,Exit,ARIEL,to,MIRANDA,Awake,!,MIRANDA,PROSPERO,CALIBAN,PROSPERO,ARIEL,Exit,ARIEL,PROSPERO,ARIEL,PROSPERO,Exit
to,MIRANDA,Awake,!,MIRANDA,PROSPERO,CALIBAN,PROSPERO,ARIEL,Exit,ARIEL,PROSPERO,Enter,CALIBAN,PROSPERO,Awake,!,MIRANDA,PROSPERO,MIRANDA
ARIEL,Exit,ARIEL,PROSPERO,Enter,CALIBAN,PROSPERO,CALIBAN,MIRANDA,CALIBAN,PROSPERO,Exit,CALIBAN,ARIEL,sings,Exit,ARIEL,PROSPERO,Enter,CALIBAN
CALIBAN,PROSPERO,CALIBAN,MIRANDA,CALIBAN,PROSPERO,Exit,CALIBAN,ARIEL,sings,SPIRITS,ARIEL,FERDINAND,ARIEL,PROSPERO,CALIBAN,MIRANDA,CALIBAN,PROSPERO,CALIBAN
CALIBAN,PROSPERO,Exit,CALIBAN,ARIEL,sings,SPIRITS,ARIEL,FERDINAND,ARIEL,sings,SPIRITS,ARIEL,SPIRITS,FERDINAND,PROSPERO,MIRANDA,PROSPERO,Exit,ARIEL
SPIRITS,ARIEL,FERDINAND,ARIEL,sings,SPIRITS,ARIEL,SPIRITS,FERDINAND,PROSPERO,MIRANDA,PROSPERO,FERDINAND,MIRANDA,FERDINAND,PROSPERO,FERDINAND,MIRANDA,ARIEL,ARIEL
SPIRITS,FERDINAND,PROSPERO,MIRANDA,PROSPERO,FERDINAND,MIRANDA,FERDINAND,PROSPERO,to,FERDINAND,MIRANDA,FERDINAND,to,FERDINAND,PROSPERO,MIRANDA,PROSPERO,MIRANDA,PROSPERO
MIRANDA,FERDINAND,PROSPERO,FERDINAND,MIRANDA,FERDINAND,PROSPERO,to,FERDINAND,MIRANDA,FERDINAND,to,MIRANDA,PROSPERO,aside,to,FERDINAND,MIRANDA,PROSPERO,FERDINAND
PROSPERO,FERDINAND,MIRANDA,FERDINAND,PROSPERO,to,FERDINAND,MIRANDA,FERDINAND,to,MIRANDA,PROSPERO,aside,to,FERDINAND,MIRANDA,PROSPERO,FERDINAND,No,FERDINAND
MIRANDA,FERDINAND,PROSPERO,to,FERDINAND,MIRANDA,FERDINAND,to,MIRANDA,PROSPERO,aside,to,FERDINAND,MIRANDA,PROSPERO,FERDINAND,No,MIRANDA,PROSPERO,FERDINAND
PROSPERO,to,FERDINAND,MIRANDA,FERDINAND,to,MIRANDA,PROSPERO,aside,to,FERDINAND,MIRANDA,PROSPERO,FERDINAND,No,MIRANDA,PROSPERO,to,FERDINAND,to
FERDINAND,to,MIRANDA,PROSPERO,aside,to,FERDINAND,MIRANDA,PROSPERO,FERDINAND,No,MIRANDA,PROSPERO,MIRANDA,My,to,MIRANDA,PROSPERO,aside,to
to,FERDINAND,MIRANDA,PROSPERO,FERDINAND,No,MIRANDA,PROSPERO,MIRANDA,My,affections,PROSPERO,FERDINAND,PROSPERO,to,FERDINAND,MIRANDA,PROSPERO,FERDINAND,FERDINAND
MIRANDA,PROSPERO,MIRANDA,My,affections,PROSPERO,FERDINAND,PROSPERO,to,FERDINAND,Follow,me,MIRANDA,PROSPERO,ARIEL,PROSPERO,Exeunt,ACT,PROSPERO,PROSPERO
My,affections,PROSPERO,FERDINAND,PROSPERO,to,FERDINAND,Follow,me,MIRANDA,PROSPERO,ARIEL,PROSPERO,Exeunt,ACT,SCENE,Modern,Text,PROSPERO,FERDINAND
FERDINAND,PROSPERO,to,FERDINAND,Follow,me,MIRANDA,PROSPERO,ARIEL,PROSPERO,Exeunt,ACT,SCENE,Modern,Text,MIRANDA,PROSPERO,to,FERDINAND,Follow
Follow,me,MIRANDA,PROSPERO,ARIEL,PROSPERO,Exeunt,ACT,SCENE,Modern,Text,MIRANDA,PROSPERO,ARIEL,PROSPERO,Exeunt,PROSPERO,Exeunt,ACT,SCENE
MIRANDA,PROSPERO,remember,MIRANDA,PROSPERO,princess,MIRANDA,PROSPERO,attention,MIRANDA,PROSPERO,MIRANDA,PROSPERO,remember,MIRANDA,PROSPERO,princess,MIRANDA,PROSPERO,attention
remember,MIRANDA,PROSPERO,princess,MIRANDA,PROSPERO,attention,?,MIRANDA,PROSPERO,Naples,PROSPERO,MIRANDA,PROSPERO,princess,MIRANDA,PROSPERO,attention,?,MIRANDA
MIRANDA,PROSPERO,attention,?,MIRANDA,PROSPERO,Naples,MIRANDA,Good,heavens,!,PROSPERO,MIRANDA,PROSPERO,attention,?,MIRANDA,attention,?,MIRANDA
PROSPERO,MIRANDA,PROSPERO,Naples,MIRANDA,Good,heavens,!,PROSPERO,MIRANDA,PROSPERO,first,place,MIRANDA,PROSPERO,Naples,MIRANDA,Good,heavens,MIRANDA
PROSPERO,MIRANDA,PROSPERO,first,place,MIRANDA,PROSPERO,ARIEL,enters,ARIEL,task,PROSPERO,MIRANDA,PROSPERO,first,place,MIRANDA,PROSPERO,first,MIRANDA
MIRANDA,PROSPERO,ARIEL,enters,ARIEL,task,PROSPERO,ARIEL,PROSPERO,ships,ARIEL,islands,PROSPERO,MIRANDA,PROSPERO,ARIEL,enters,ARIEL,MIRANDA,PROSPERO
ARIEL,enters,ARIEL,task,PROSPERO,ARIEL,PROSPERO,ships,ARIEL,islands,PROSPERO,ARIEL,Past,noon,ARIEL,task,PROSPERO,ARIEL,ARIEL,PROSPERO
ARIEL,PROSPERO,ships,ARIEL,islands,PROSPERO,ARIEL,Past,noon,PROSPERO,o,clock,ARIEL,yet,PROSPERO,ARIEL,My,freedom,PROSPERO,ARIEL
ships,ARIEL,islands,PROSPERO,ARIEL,Past,noon,PROSPERO,o,clock,ARIEL,yet,PROSPERO,ARIEL,My,freedom,PROSPERO,ARIEL,islands,PROSPERO
Past,noon,PROSPERO,o,clock,ARIEL,yet,PROSPERO,ARIEL,My,freedom,PROSPERO,ARIEL,No,PROSPERO,ARIEL,PROSPERO,forgotten,PROSPERO,o
ARIEL,yet,PROSPERO,ARIEL,My,freedom,PROSPERO,ARIEL,No,PROSPERO,ARIEL,PROSPERO,forgotten,her,?,ARIEL,PROSPERO,ARIEL,yet,ARIEL
PROSPERO,ARIEL,No,PROSPERO,ARIEL,PROSPERO,forgotten,her,?,ARIEL,PROSPERO,you,out,ARIEL,No,PROSPERO,ARIEL,ARIEL,PROSPERO,forgotten
PROSPERO,ARIEL,PROSPERO,you,out,ARIEL,PROSPERO,ARIEL,complaining,PROSPERO,ARIEL,exits,MIRANDA,PROSPERO,ARIEL,PROSPERO,you,out,PROSPERO,ARIEL
PROSPERO,ARIEL,PROSPERO,you,out,ARIEL,PROSPERO,ARIEL,complaining,PROSPERO,ARIEL,exits,MIRANDA,PROSPERO,CALIBAN,PROSPERO,ARIEL,PROSPERO,you,ARIEL
PROSPERO,ARIEL,exits,MIRANDA,PROSPERO,CALIBAN,PROSPERO,you,turtle,!,to,ARIEL,exits,PROSPERO,ARIEL,exits,MIRANDA,MIRANDA,PROSPERO,CALIBAN
PROSPERO,CALIBAN,PROSPERO,you,turtle,!,to,ARIEL,exits,PROSPERO,CALIBAN,enters,CALIBAN,PROSPERO,bees,CALIBAN,PROSPERO,you,you,turtle
to,ARIEL,exits,PROSPERO,CALIBAN,enters,CALIBAN,PROSPERO,bees,CALIBAN,PROSPERO,CALIBAN,MIRANDA,CALIBAN,PROSPERO,CALIBAN,ARIEL,exits,PROSPERO,ARIEL
PROSPERO,CALIBAN,enters,CALIBAN,PROSPERO,bees,CALIBAN,PROSPERO,CALIBAN,MIRANDA,CALIBAN,PROSPERO,CALIBAN,exits,singing,ARIEL,singing,SPIRITS,CALIBAN,PROSPERO
CALIBAN,MIRANDA,CALIBAN,PROSPERO,CALIBAN,exits,singing,ARIEL,singing,SPIRITS,ARIEL,FERDINAND,ARIEL,singing,SPIRITS,ARIEL,MIRANDA,CALIBAN,PROSPERO,CALIBAN
CALIBAN,exits,singing,ARIEL,singing,SPIRITS,ARIEL,FERDINAND,ARIEL,singing,SPIRITS,ARIEL,SPIRITS,FERDINAND,PROSPERO,MIRANDA,PROSPERO,them,singing,ARIEL
singing,SPIRITS,ARIEL,FERDINAND,ARIEL,singing,SPIRITS,ARIEL,SPIRITS,FERDINAND,PROSPERO,MIRANDA,PROSPERO,them,MIRANDA,PROSPERO,FERDINAND,MIRANDA,SPIRITS,ARIEL
SPIRITS,ARIEL,FERDINAND,ARIEL,singing,SPIRITS,ARIEL,SPIRITS,FERDINAND,PROSPERO,MIRANDA,PROSPERO,them,MIRANDA,PROSPERO,FERDINAND,MIRANDA,FERDINAND,PROSPERO,ARIEL
FERDINAND,ARIEL,singing,SPIRITS,ARIEL,SPIRITS,FERDINAND,PROSPERO,MIRANDA,PROSPERO,them,MIRANDA,PROSPERO,FERDINAND,MIRANDA,FERDINAND,ARIEL,singing,SPIRITS,ARIEL
MIRANDA,PROSPERO,them,MIRANDA,PROSPERO,FERDINAND,MIRANDA,FERDINAND,son,too,PROSPERO,MIRANDA,my,sake,!,FERDINAND,PROSPERO,them,MIRANDA,PROSPERO
FERDINAND,PROSPERO,FERDINAND,MIRANDA,FERDINAND,son,too,PROSPERO,MIRANDA,my,sake,!,FERDINAND,PROSPERO,FERDINAND,MIRANDA,PROSPERO,FERDINAND,you,PROSPERO
FERDINAND,MIRANDA,FERDINAND,son,too,PROSPERO,MIRANDA,my,sake,!,FERDINAND,PROSPERO,FERDINAND,MIRANDA,PROSPERO,FERDINAND,you,are,MIRANDA,FERDINAND
PROSPERO,MIRANDA,my,sake,!,FERDINAND,PROSPERO,FERDINAND,MIRANDA,PROSPERO,FERDINAND,you,are,MIRANDA,brave,too,PROSPERO,drop,MIRANDA,my
PROSPERO,FERDINAND,MIRANDA,PROSPERO,FERDINAND,you,are,MIRANDA,brave,too,PROSPERO,drop,MIRANDA,PROSPERO,angels,MIRANDA,PROSPERO,and,FERDINAND,MIRANDA
PROSPERO,FERDINAND,you,are,MIRANDA,brave,too,PROSPERO,drop,MIRANDA,PROSPERO,angels,MIRANDA,PROSPERO,and,lifeless,FERDINAND,PROSPERO,FERDINAND,you
MIRANDA,brave,too,PROSPERO,drop,MIRANDA,PROSPERO,angels,MIRANDA,PROSPERO,and,lifeless,FERDINAND,PROSPERO,MIRANDA,PROSPERO,order,ARIEL,brave,drop
MIRANDA,PROSPERO,angels,MIRANDA,PROSPERO,and,lifeless,FERDINAND,PROSPERO,MIRANDA,PROSPERO,order,ARIEL,PROSPERO,They,exit,Master,Captain,ACT,PROSPERO
angels,MIRANDA,PROSPERO,and,lifeless,FERDINAND,PROSPERO,MIRANDA,PROSPERO,order,ARIEL,PROSPERO,They,exit,Master,Captain,ACT,TWO,SCENE,MIRANDA
PROSPERO,and,lifeless,FERDINAND,PROSPERO,MIRANDA,PROSPERO,order,ARIEL,PROSPERO,They,exit,Master,Captain,ACT,TWO,SCENE,Original,Text,and
FERDINAND,PROSPERO,MIRANDA,PROSPERO,order,ARIEL,PROSPERO,They,exit,Master,Captain,ACT,TWO,SCENE,Original,Text,GONZALO,ALONSO,SEBASTIAN,PROSPERO
MIRANDA,PROSPERO,order,ARIEL,PROSPERO,They,exit,Master,Captain,ACT,TWO,SCENE,Original,Text,GONZALO,ALONSO,SEBASTIAN,ANTONIO,SEBASTIAN,PROSPERO
order,ARIEL,PROSPERO,They,exit,Master,Captain,ACT,TWO,SCENE,Original,Text,GONZALO,ALONSO,SEBASTIAN,ANTONIO,SEBASTIAN,strike,GONZALO,ARIEL
PROSPERO,They,exit,Master,Captain,ACT,TWO,SCENE,Original,Text,GONZALO,ALONSO,SEBASTIAN,ANTONIO,SEBASTIAN,strike,GONZALO,to,ALONSO,They
Master,Captain,ACT,TWO,SCENE,Original,Text,GONZALO,ALONSO,SEBASTIAN,ANTONIO,SEBASTIAN,strike,GONZALO,to,ALONSO,Sir,SEBASTIAN,ACT,TWO
SCENE,Original,Text,GONZALO,ALONSO,SEBASTIAN,ANTONIO,SEBASTIAN,strike,GONZALO,to,ALONSO,Sir,SEBASTIAN,GONZALO,SEBASTIAN,A,dollar,GONZALO,Original
GONZALO,ALONSO,SEBASTIAN,ANTONIO,SEBASTIAN,strike,GONZALO,to,ALONSO,Sir,SEBASTIAN,GONZALO,SEBASTIAN,A,dollar,GONZALO,SEBASTIAN,GONZALO,ANTONIO,ALONSO
SEBASTIAN,ANTONIO,SEBASTIAN,strike,GONZALO,to,ALONSO,Sir,SEBASTIAN,GONZALO,SEBASTIAN,A,dollar,GONZALO,SEBASTIAN,GONZALO,ANTONIO,ALONSO,GONZALO,ANTONIO
SEBASTIAN,strike,GONZALO,to,ALONSO,Sir,SEBASTIAN,GONZALO,SEBASTIAN,A,dollar,GONZALO,SEBASTIAN,GONZALO,ANTONIO,ALONSO,GONZALO,SEBASTIAN,ANTONIO,strike
GONZALO,to,ALONSO,Sir,SEBASTIAN,GONZALO,SEBASTIAN,A,dollar,GONZALO,SEBASTIAN,GONZALO,ANTONIO,ALONSO,GONZALO,SEBASTIAN,ANTONIO,SEBASTIAN,to,ALONSO
to,ALONSO,Sir,SEBASTIAN,GONZALO,SEBASTIAN,A,dollar,GONZALO,SEBASTIAN,GONZALO,ANTONIO,ALONSO,GONZALO,SEBASTIAN,ANTONIO,SEBASTIAN,GONZALO,A,dollar
ANTONIO,ALONSO,GONZALO,SEBASTIAN,ANTONIO,A,laughter,SEBASTIAN,A,match,!,ADRIAN,ANTONIO,SEBASTIAN,ADRIAN,SEBASTIAN,ALONSO,GONZALO,SEBASTIAN,ANTONIO
SEBASTIAN,ANTONIO,A,laughter,SEBASTIAN,A,match,!,ADRIAN,ANTONIO,SEBASTIAN,ADRIAN,SEBASTIAN,Yet,ADRIAN,Yet,ANTONIO,ADRIAN,ANTONIO,A
A,match,!,ADRIAN,ANTONIO,SEBASTIAN,ADRIAN,SEBASTIAN,Yet,ADRIAN,Yet,ANTONIO,ADRIAN,ANTONIO,SEBASTIAN,ANTONIO,SEBASTIAN,ADRIAN,SEBASTIAN,Yet
Yet,ADRIAN,Yet,ANTONIO,ADRIAN,ANTONIO,SEBASTIAN,ADRIAN,SEBASTIAN,ANTONIO,GONZALO,ANTONIO,SEBASTIAN,GONZALO,SEBASTIAN,ADRIAN,Yet,ANTONIO,ADRIAN,ANTONIO
GONZALO,ANTONIO,SEBASTIAN,GONZALO,SEBASTIAN,ADRIAN,GONZALO,ANTONIO,SEBASTIAN,take,ANTONIO,SEBASTIAN,GONZALO,SEBASTIAN,ADRIAN,GONZALO,ANTONIO,SEBASTIAN,GONZALO,ANTONIO
GONZALO,SEBASTIAN,GONZALO,ANTONIO,SEBASTIAN,GONZALO,SEBASTIAN,ADRIAN,GONZALO,ANTONIO,SEBASTIAN,take,it,!,ADRIAN,GONZALO,ADRIAN,Carthage,?,SEBASTIAN
GONZALO,ANTONIO,SEBASTIAN,GONZALO,SEBASTIAN,ADRIAN,GONZALO,ANTONIO,SEBASTIAN,take,it,!,ADRIAN,GONZALO,ADRIAN,Carthage,?,GONZALO,SEBASTIAN,ANTONIO
SEBASTIAN,GONZALO,SEBASTIAN,ADRIAN,GONZALO,ANTONIO,SEBASTIAN,take,it,!,ADRIAN,GONZALO,ADRIAN,Carthage,?,GONZALO,SEBASTIAN,ANTONIO,GONZALO,ADRIAN
SEBASTIAN,take,it,!,ADRIAN,GONZALO,ADRIAN,Carthage,?,GONZALO,SEBASTIAN,ANTONIO,GONZALO,Ay,ANTONIO,GONZALO,ANTONIO,SEBASTIAN,take,GONZALO
SEBASTIAN,ANTONIO,GONZALO,Ay,ANTONIO,GONZALO,ANTONIO,SEBASTIAN,ANTONIO,GONZALO,ALONSO,FRANCISCO,ALONSO,SEBASTIAN,ANTONIO,GONZALO,Ay,GONZALO,Ay,ANTONIO
ANTONIO,SEBASTIAN,ANTONIO,GONZALO,ALONSO,FRANCISCO,ALONSO,SEBASTIAN,ALONSO,GONZALO,SEBASTIAN,Very,well,ANTONIO,GONZALO,SEBASTIAN,ANTONIO,GONZALO,ALONSO,ANTONIO
FRANCISCO,ALONSO,SEBASTIAN,ALONSO,GONZALO,SEBASTIAN,Very,well,ANTONIO,GONZALO,SEBASTIAN,Foul,weather,?,ANTONIO,Very,foul,GONZALO,ALONSO,ALONSO
ALONSO,GONZALO,SEBASTIAN,Very,well,ANTONIO,GONZALO,SEBASTIAN,Foul,weather,?,ANTONIO,Very,foul,GONZALO,ANTONIO,SEBASTIAN,GONZALO,SEBASTIAN,Very
GONZALO,SEBASTIAN,Foul,weather,?,ANTONIO,Very,foul,GONZALO,ANTONIO,SEBASTIAN,GONZALO,No,sovereignty,SEBASTIAN,ANTONIO,GONZALO,SEBASTIAN,Foul,weather
Very,foul,GONZALO,ANTONIO,SEBASTIAN,GONZALO,No,sovereignty,SEBASTIAN,ANTONIO,GONZALO,ALONSO,GONZALO,ANTONIO,SEBASTIAN,GONZALO,No,ANTONIO,SEBASTIAN,GONZALO
GONZALO,SEBASTIAN,GONZALO,No,sovereignty,SEBASTIAN,ANTONIO,GONZALO,ALONSO,GONZALO,ANTONIO,SEBASTIAN,GONZALO,No,sovereignty,SEBASTIAN,ANTONIO,GONZALO,No,sovereignty
SEBASTIAN,ANTONIO,GONZALO,ALONSO,GONZALO,ANTONIO,SEBASTIAN,GONZALO,changing,SEBASTIAN,ANTONIO,GONZALO,ALONSO,GONZALO,ANTONIO,ANTONIO,GONZALO,SEBASTIAN,ANTONIO,GONZALO
ANTONIO,GONZALO,ALONSO,GONZALO,ANTONIO,SEBASTIAN,GONZALO,changing,SEBASTIAN,ANTONIO,GONZALO,ANTONIO,ALONSO,SEBASTIAN,ANTONIO,ALONSO,falls,asleep,GONZALO,GONZALO
GONZALO,ANTONIO,SEBASTIAN,GONZALO,changing,SEBASTIAN,ANTONIO,GONZALO,ANTONIO,ALONSO,SEBASTIAN,ANTONIO,ALONSO,falls,asleep,Exit,ARIEL,SEBASTIAN,ANTONIO,SEBASTIAN
changing,SEBASTIAN,ANTONIO,GONZALO,ANTONIO,ALONSO,SEBASTIAN,ANTONIO,ALONSO,falls,asleep,Exit,ARIEL,SEBASTIAN,ANTONIO,SEBASTIAN,Why,ANTONIO,SEBASTIAN,ANTONIO
ALONSO,SEBASTIAN,ANTONIO,ALONSO,falls,asleep,Exit,ARIEL,SEBASTIAN,ANTONIO,SEBASTIAN,Why,ANTONIO,SEBASTIAN,ANTONIO,Noble,Sebastian,SEBASTIAN,ANTONIO,ALONSO
ALONSO,falls,asleep,Exit,ARIEL,SEBASTIAN,ANTONIO,SEBASTIAN,Why,ANTONIO,SEBASTIAN,ANTONIO,Noble,Sebastian,SEBASTIAN,ANTONIO,falls,asleep,Exit,ARIEL
ANTONIO,SEBASTIAN,Why,ANTONIO,SEBASTIAN,ANTONIO,Noble,Sebastian,SEBASTIAN,ANTONIO,Oh,SEBASTIAN,ANTONIO,Thus,SEBASTIAN,Why,ANTONIO,SEBASTIAN,ANTONIO,Noble
Noble,Sebastian,SEBASTIAN,ANTONIO,Oh,SEBASTIAN,ANTONIO,Thus,sir,SEBASTIAN,ANTONIO,SEBASTIAN,Claribel,ANTONIO,SEBASTIAN,ANTONIO,Oh,ANTONIO,SEBASTIAN,ANTONIO
ANTONIO,SEBASTIAN,ANTONIO,Oh,SEBASTIAN,ANTONIO,Thus,sir,SEBASTIAN,ANTONIO,SEBASTIAN,Claribel,ANTONIO,SEBASTIAN,ANTONIO,Oh,SEBASTIAN,SEBASTIAN,ANTONIO,Thus
ANTONIO,SEBASTIAN,Claribel,ANTONIO,SEBASTIAN,I,remember,ANTONIO,True,SEBASTIAN,ANTONIO,Draw,SEBASTIAN,ANTONIO,SEBASTIAN,Claribel,ANTONIO,SEBASTIAN,Claribel,ANTONIO
SEBASTIAN,ANTONIO,SEBASTIAN,I,remember,ANTONIO,True,SEBASTIAN,ANTONIO,Draw,together,SEBASTIAN,ARIEL,Open,eyed,conspiracy,ANTONIO,GONZALO,ANTONIO,I
True,SEBASTIAN,ANTONIO,Draw,together,SEBASTIAN,ARIEL,Open,eyed,conspiracy,ANTONIO,GONZALO,ALONSO,All,wake,GONZALO,SEBASTIAN,ALONSO,SEBASTIAN,ANTONIO
SEBASTIAN,ANTONIO,Draw,together,SEBASTIAN,ARIEL,Open,eyed,conspiracy,ANTONIO,GONZALO,ALONSO,All,wake,GONZALO,SEBASTIAN,ALONSO,ANTONIO,Draw,together
ARIEL,Open,eyed,conspiracy,ANTONIO,GONZALO,ALONSO,All,wake,GONZALO,SEBASTIAN,ALONSO,ANTONIO,ALONSO,GONZALO,ALONSO,son,GONZALO,ALONSO,Open
ANTONIO,GONZALO,ALONSO,All,wake,GONZALO,SEBASTIAN,ALONSO,ANTONIO,ALONSO,GONZALO,ALONSO,son,GONZALO,ALONSO,Lead,away,ARIEL,Exeunt,GONZALO
ALONSO,All,wake,GONZALO,SEBASTIAN,ALONSO,ANTONIO,ALONSO,GONZALO,ALONSO,son,GONZALO,ALONSO,Lead,away,ARIEL,Exeunt,ACT,TWO,All
GONZALO,SEBASTIAN,ALONSO,ANTONIO,ALONSO,GONZALO,ALONSO,son,GONZALO,ALONSO,Lead,away,ARIEL,Exeunt,ACT,TWO,SCENE,Modern,Text,SEBASTIAN
ALONSO,ANTONIO,ALONSO,GONZALO,ALONSO,son,GONZALO,ALONSO,Lead,away,ARIEL,Exeunt,ACT,TWO,SCENE,Modern,Text,others,enter,ANTONIO
ALONSO,GONZALO,ALONSO,son,GONZALO,ALONSO,Lead,away,ARIEL,Exeunt,ACT,TWO,SCENE,Modern,Text,others,enter,GONZALO,ALONSO,GONZALO
ALONSO,son,GONZALO,ALONSO,Lead,away,ARIEL,Exeunt,ACT,TWO,SCENE,Modern,Text,others,enter,GONZALO,ALONSO,SEBASTIAN,cold,son
GONZALO,ALONSO,Lead,away,ARIEL,Exeunt,ACT,TWO,SCENE,Modern,Text,others,enter,GONZALO,ALONSO,SEBASTIAN,cold,oatmeal,ANTONIO,ALONSO
Lead,away,ARIEL,Exeunt,ACT,TWO,SCENE,Modern,Text,others,enter,GONZALO,ALONSO,SEBASTIAN,cold,oatmeal,ANTONIO,SEBASTIAN,ARIEL,Exeunt
Exeunt,ACT,TWO,SCENE,Modern,Text,others,enter,GONZALO,ALONSO,SEBASTIAN,cold,oatmeal,ANTONIO,SEBASTIAN,GONZALO,to,ALONSO,Sir,ACT
SCENE,Modern,Text,others,enter,GONZALO,ALONSO,SEBASTIAN,cold,oatmeal,ANTONIO,SEBASTIAN,GONZALO,to,ALONSO,Sir,SEBASTIAN,GONZALO,would,Modern
others,enter,GONZALO,ALONSO,SEBASTIAN,cold,oatmeal,ANTONIO,SEBASTIAN,GONZALO,to,ALONSO,Sir,SEBASTIAN,GONZALO,would,find,ourselves,GONZALO,ALONSO
ALONSO,SEBASTIAN,cold,oatmeal,ANTONIO,SEBASTIAN,GONZALO,to,ALONSO,Sir,SEBASTIAN,GONZALO,would,find,ourselves,SEBASTIAN,GONZALO,ANTONIO,SEBASTIAN,cold
ANTONIO,SEBASTIAN,GONZALO,to,ALONSO,Sir,SEBASTIAN,GONZALO,would,find,ourselves,SEBASTIAN,GONZALO,ANTONIO,ALONSO,GONZALO,SEBASTIAN,ANTONIO,SEBASTIAN,to
would,find,ourselves,SEBASTIAN,GONZALO,ANTONIO,ALONSO,GONZALO,SEBASTIAN,ANTONIO,Adrian,?,SEBASTIAN,ANTONIO,SEBASTIAN,ADRIAN,SEBASTIAN,GONZALO,ANTONIO,SEBASTIAN
GONZALO,SEBASTIAN,ANTONIO,Adrian,?,SEBASTIAN,ANTONIO,SEBASTIAN,ADRIAN,But,ANTONIO,ADRIAN,ANTONIO,SEBASTIAN,ANTONIO,Adrian,?,SEBASTIAN,ANTONIO,Adrian
SEBASTIAN,ANTONIO,SEBASTIAN,ADRIAN,But,ANTONIO,ADRIAN,ANTONIO,SEBASTIAN,ADRIAN,SEBASTIAN,ANTONIO,GONZALO,ANTONIO,SEBASTIAN,ADRIAN,But,ANTONIO,SEBASTIAN,ANTONIO
SEBASTIAN,ADRIAN,ANTONIO,SEBASTIAN,ADRIAN,But,ANTONIO,ADRIAN,ANTONIO,SEBASTIAN,ADRIAN,SEBASTIAN,ANTONIO,GONZALO,ANTONIO,SEBASTIAN,GONZALO,ANTONIO,ADRIAN,SEBASTIAN
But,ANTONIO,ADRIAN,ANTONIO,SEBASTIAN,ADRIAN,SEBASTIAN,ANTONIO,GONZALO,ANTONIO,SEBASTIAN,GONZALO,ANTONIO,ADRIAN,ANTONIO,SEBASTIAN,SEBASTIAN,ADRIAN,SEBASTIAN,ANTONIO
SEBASTIAN,GONZALO,ANTONIO,SEBASTIAN,GONZALO,SEBASTIAN,ADRIAN,GONZALO,ANTONIO,SEBASTIAN,ANTONIO,SEBASTIAN,GONZALO,SEBASTIAN,ADRIAN,GONZALO,ANTONIO,SEBASTIAN,ADRIAN,GONZALO
SEBASTIAN,GONZALO,ANTONIO,SEBASTIAN,GONZALO,SEBASTIAN,ADRIAN,GONZALO,ANTONIO,SEBASTIAN,ADRIAN,GONZALO,ADRIAN,Carthage,?,GONZALO,SEBASTIAN,ANTONIO,GONZALO,SEBASTIAN
ADRIAN,GONZALO,ANTONIO,SEBASTIAN,ADRIAN,GONZALO,ADRIAN,Carthage,?,GONZALO,SEBASTIAN,ANTONIO,GONZALO,Yes,indeed,ANTONIO,GONZALO,ANTONIO,SEBASTIAN,SEBASTIAN
ADRIAN,Carthage,?,GONZALO,SEBASTIAN,ANTONIO,GONZALO,Yes,indeed,ANTONIO,GONZALO,ANTONIO,SEBASTIAN,ANTONIO,Dido,GONZALO,mean,ANTONIO,Carthage,SEBASTIAN
SEBASTIAN,ANTONIO,GONZALO,Yes,indeed,ANTONIO,GONZALO,ANTONIO,SEBASTIAN,ANTONIO,Dido,GONZALO,mean,ANTONIO,GONZALO,ALONSO,FRANCISCO,ALONSO,SEBASTIAN,ANTONIO
GONZALO,Yes,indeed,ANTONIO,GONZALO,ANTONIO,SEBASTIAN,ANTONIO,Dido,GONZALO,mean,ANTONIO,GONZALO,ALONSO,FRANCISCO,ALONSO,SEBASTIAN,ALONSO,Yes,indeed
Yes,indeed,ANTONIO,GONZALO,ANTONIO,SEBASTIAN,ANTONIO,Dido,GONZALO,mean,ANTONIO,GONZALO,ALONSO,FRANCISCO,ALONSO,SEBASTIAN,ALONSO,GONZALO,ANTONIO,GONZALO
ANTONIO,SEBASTIAN,ANTONIO,Dido,GONZALO,mean,ANTONIO,GONZALO,ALONSO,FRANCISCO,ALONSO,SEBASTIAN,ALONSO,GONZALO,SEBASTIAN,ANTONIO,GONZALO,gloomy,SEBASTIAN,ANTONIO
Dido,GONZALO,mean,ANTONIO,GONZALO,ALONSO,FRANCISCO,ALONSO,SEBASTIAN,ALONSO,GONZALO,SEBASTIAN,ANTONIO,GONZALO,gloomy,SEBASTIAN,Bad,times,GONZALO,mean
ANTONIO,GONZALO,ALONSO,FRANCISCO,ALONSO,SEBASTIAN,ALONSO,GONZALO,SEBASTIAN,ANTONIO,GONZALO,gloomy,SEBASTIAN,Bad,times,?,ANTONIO,GONZALO,ALONSO,FRANCISCO
FRANCISCO,ALONSO,SEBASTIAN,ALONSO,GONZALO,SEBASTIAN,ANTONIO,GONZALO,gloomy,SEBASTIAN,Bad,times,?,ANTONIO,GONZALO,ANTONIO,SEBASTIAN,GONZALO,ALONSO,SEBASTIAN
SEBASTIAN,ALONSO,GONZALO,SEBASTIAN,ANTONIO,GONZALO,gloomy,SEBASTIAN,Bad,times,?,ANTONIO,GONZALO,ANTONIO,SEBASTIAN,GONZALO,SEBASTIAN,ANTONIO,ALONSO,SEBASTIAN
SEBASTIAN,Bad,times,?,ANTONIO,GONZALO,ANTONIO,SEBASTIAN,GONZALO,SEBASTIAN,ANTONIO,slackers,GONZALO,SEBASTIAN,ANTONIO,Bad,times,?,Bad,ANTONIO
ANTONIO,SEBASTIAN,GONZALO,SEBASTIAN,ANTONIO,slackers,GONZALO,SEBASTIAN,ANTONIO,GONZALO,ALONSO,GONZALO,empty,words,ANTONIO,SEBASTIAN,GONZALO,SEBASTIAN,GONZALO,SEBASTIAN
GONZALO,SEBASTIAN,ANTONIO,slackers,GONZALO,SEBASTIAN,ANTONIO,GONZALO,ALONSO,GONZALO,empty,words,ANTONIO,GONZALO,ANTONIO,SEBASTIAN,GONZALO,SEBASTIAN,ANTONIO,SEBASTIAN
ANTONIO,slackers,GONZALO,SEBASTIAN,ANTONIO,GONZALO,ALONSO,GONZALO,empty,words,ANTONIO,GONZALO,ANTONIO,SEBASTIAN,GONZALO,SEBASTIAN,ANTONIO,GONZALO,ANTONIO,slackers
GONZALO,SEBASTIAN,ANTONIO,GONZALO,ALONSO,GONZALO,empty,words,ANTONIO,GONZALO,ANTONIO,SEBASTIAN,GONZALO,SEBASTIAN,ANTONIO,GONZALO,ANTONIO,ALONSO,SEBASTIAN,ANTONIO
ALONSO,GONZALO,empty,words,ANTONIO,GONZALO,ANTONIO,SEBASTIAN,GONZALO,SEBASTIAN,ANTONIO,GONZALO,ANTONIO,ALONSO,SEBASTIAN,it,ANTONIO,safe,ALONSO,GONZALO
empty,words,ANTONIO,GONZALO,ANTONIO,SEBASTIAN,GONZALO,SEBASTIAN,ANTONIO,GONZALO,ANTONIO,ALONSO,SEBASTIAN,it,ANTONIO,safe,ALONSO,ARIEL,ANTONIO,GONZALO
GONZALO,ANTONIO,SEBASTIAN,GONZALO,SEBASTIAN,ANTONIO,GONZALO,ANTONIO,ALONSO,SEBASTIAN,it,ANTONIO,safe,ALONSO,ARIEL,exits,SEBASTIAN,ANTONIO,SEBASTIAN,GONZALO
ANTONIO,ALONSO,SEBASTIAN,it,ANTONIO,safe,ALONSO,ARIEL,exits,SEBASTIAN,ANTONIO,SEBASTIAN,your,snoring,ALONSO,SEBASTIAN,it,ANTONIO,SEBASTIAN,it
ANTONIO,safe,ALONSO,ARIEL,exits,SEBASTIAN,ANTONIO,SEBASTIAN,your,snoring,ANTONIO,SEBASTIAN,ANTONIO,how,safe,ALONSO,ARIEL,exits,ALONSO,ARIEL
SEBASTIAN,ANTONIO,SEBASTIAN,your,snoring,ANTONIO,SEBASTIAN,ANTONIO,how,SEBASTIAN,ANTONIO,SEBASTIAN,your,snoring,ANTONIO,SEBASTIAN,your,SEBASTIAN,ANTONIO,SEBASTIAN
SEBASTIAN,your,snoring,ANTONIO,SEBASTIAN,ANTONIO,how,SEBASTIAN,ANTONIO,Naples,?,SEBASTIAN,ANTONIO,SEBASTIAN,your,snoring,ANTONIO,SEBASTIAN,ANTONIO,ANTONIO
ANTONIO,SEBASTIAN,ANTONIO,Naples,?,SEBASTIAN,ANTONIO,for,me,SEBASTIAN,ANTONIO,Naples,?,SEBASTIAN,ANTONIO,SEBASTIAN,ANTONIO,for,me,SEBASTIAN
SEBASTIAN,ANTONIO,for,me,SEBASTIAN,ANTONIO,ARIEL,ANTONIO,GONZALO,ALONSO,GONZALO,SEBASTIAN,clearly,ALONSO,ANTONIO,SEBASTIAN,ANTONIO,for,SEBASTIAN,ANTONIO
for,me,SEBASTIAN,ANTONIO,ARIEL,ANTONIO,GONZALO,ALONSO,GONZALO,SEBASTIAN,clearly,ALONSO,ANTONIO,ALONSO,GONZALO,ALONSO,SEBASTIAN,ANTONIO,ANTONIO,SEBASTIAN
ARIEL,ANTONIO,GONZALO,ALONSO,GONZALO,SEBASTIAN,clearly,ALONSO,ANTONIO,ALONSO,GONZALO,the,island,ALONSO,ARIEL,They,exit,ACT,ANTONIO,ALONSO
clearly,ALONSO,ANTONIO,ALONSO,GONZALO,the,island,ALONSO,ARIEL,They,exit,ACT,SCENE,Original,Text,CALIBAN,Enter,TRINCULO,ALONSO,ALONSO
GONZALO,the,island,ALONSO,ARIEL,They,exit,ACT,SCENE,Original,Text,CALIBAN,Enter,TRINCULO,Thunder,crawls,under,gaberdine,STEPHANO,the
ALONSO,ARIEL,They,exit,ACT,SCENE,Original,Text,CALIBAN,Enter,TRINCULO,Thunder,crawls,under,gaberdine,STEPHANO,sings,drinks,CALIBAN,ARIEL
They,exit,ACT,SCENE,Original,Text,CALIBAN,Enter,TRINCULO,Thunder,crawls,under,gaberdine,STEPHANO,sings,drinks,CALIBAN,STEPHANO,ACT,SCENE
Original,Text,CALIBAN,Enter,TRINCULO,Thunder,crawls,under,gaberdine,STEPHANO,sings,drinks,CALIBAN,STEPHANO,nostrils,CALIBAN,STEPHANO,CALIBAN,Enter,TRINCULO
STEPHANO,sings,drinks,CALIBAN,STEPHANO,nostrils,CALIBAN,STEPHANO,TRINCULO,STEPHANO,CALIBAN,drinks,TRINCULO,Stephano,!,STEPHANO,sings,drinks,CALIBAN,drinks
STEPHANO,nostrils,CALIBAN,STEPHANO,TRINCULO,STEPHANO,CALIBAN,drinks,TRINCULO,Stephano,!,STEPHANO,TRINCULO,STEPHANO,nostrils,CALIBAN,STEPHANO,TRINCULO,CALIBAN,STEPHANO
CALIBAN,STEPHANO,TRINCULO,STEPHANO,CALIBAN,drinks,TRINCULO,Stephano,!,STEPHANO,TRINCULO,STEPHANO,CALIBAN,TRINCULO,STEPHANO,CALIBAN,drinks,TRINCULO,Stephano,!
Stephano,!,STEPHANO,TRINCULO,STEPHANO,CALIBAN,STEPHANO,TRINCULO,drinks,TRINCULO,STEPHANO,ague,?,CALIBAN,STEPHANO,TRINCULO,STEPHANO,CALIBAN,TRINCULO,STEPHANO
CALIBAN,STEPHANO,TRINCULO,drinks,TRINCULO,STEPHANO,ague,?,CALIBAN,STEPHANO,CALIBAN,drinks,TRINCULO,CALIBAN,STEPHANO,TRINCULO,drinks,TRINCULO,STEPHANO,TRINCULO
CALIBAN,STEPHANO,CALIBAN,drinks,TRINCULO,CALIBAN,STEPHANO,CALIBAN,sings,drunkenly,CALIBAN,drinks,TRINCULO,CALIBAN,STEPHANO,CALIBAN,sings,drunkenly,TRINCULO,CALIBAN
CALIBAN,STEPHANO,TRINCULO,CALIBAN,STEPHANO,CALIBAN,sings,drunkenly,TRINCULO,CALIBAN,sings,At,requiring,freedom,!,STEPHANO,TRINCULO,STEPHANO,TRINCULO,CALIBAN
TRINCULO,CALIBAN,STEPHANO,CALIBAN,sings,drunkenly,TRINCULO,CALIBAN,sings,At,requiring,freedom,!,STEPHANO,Exeunt,ACT,SCENE,Modern,Text,CALIBAN
STEPHANO,CALIBAN,sings,drunkenly,TRINCULO,CALIBAN,sings,At,requiring,freedom,!,STEPHANO,Exeunt,ACT,SCENE,Modern,Text,CALIBAN,TRINCULO,CALIBAN
sings,drunkenly,TRINCULO,CALIBAN,sings,At,requiring,freedom,!,STEPHANO,Exeunt,ACT,SCENE,Modern,Text,CALIBAN,TRINCULO,enters,TRINCULO,CALIBAN
CALIBAN,sings,At,requiring,freedom,!,STEPHANO,Exeunt,ACT,SCENE,Modern,Text,CALIBAN,TRINCULO,enters,TRINCULO,Thunder,STEPHANO,sings,At
STEPHANO,Exeunt,ACT,SCENE,Modern,Text,CALIBAN,TRINCULO,enters,TRINCULO,Thunder,STEPHANO,sings,I,comfort,me,he,drinks,CALIBAN,Exeunt
ACT,SCENE,Modern,Text,CALIBAN,TRINCULO,enters,TRINCULO,Thunder,STEPHANO,sings,I,comfort,me,he,drinks,CALIBAN,STEPHANO,Modern,Text
TRINCULO,enters,TRINCULO,Thunder,STEPHANO,sings,I,comfort,me,he,drinks,CALIBAN,STEPHANO,TRINCULO,Thunder,STEPHANO,sings,I,sings,I
CALIBAN,STEPHANO,TRINCULO,Stephano,!,STEPHANO,TRINCULO,STEPHANO,CALIBAN,STEPHANO,TRINCULO,Stephano,!,STEPHANO,TRINCULO,CALIBAN,STEPHANO,TRINCULO,Stephano,!
CALIBAN,STEPHANO,TRINCULO,Stephano,!,STEPHANO,TRINCULO,STEPHANO,CALIBAN,STEPHANO,TRINCULO,Stephano,!,STEPHANO,TRINCULO,TRINCULO,STEPHANO,TRINCULO,Stephano,!
STEPHANO,TRINCULO,STEPHANO,CALIBAN,STEPHANO,TRINCULO,STEPHANO,the,Bible,TRINCULO,drinks,TRINCULO,STEPHANO,CALIBAN,STEPHANO,STEPHANO,CALIBAN,STEPHANO,TRINCULO,STEPHANO
STEPHANO,TRINCULO,STEPHANO,the,Bible,TRINCULO,drinks,TRINCULO,STEPHANO,CALIBAN,drinks,TRINCULO,CALIBAN,STEPHANO,TRINCULO,STEPHANO,the,Bible,STEPHANO,the
TRINCULO,drinks,TRINCULO,STEPHANO,CALIBAN,drinks,TRINCULO,CALIBAN,STEPHANO,TRINCULO,CALIBAN,TRINCULO,STEPHANO,CALIBAN,drinks,TRINCULO,CALIBAN,STEPHANO,CALIBAN,drinks
CALIBAN,TRINCULO,CALIBAN,STEPHANO,CALIBAN,sings,drunkenly,TRINCULO,CALIBAN,sings,STEPHANO,They,exit,TRINCULO,CALIBAN,STEPHANO,CALIBAN,sings,CALIBAN,STEPHANO
TRINCULO,STEPHANO,TRINCULO,CALIBAN,STEPHANO,CALIBAN,sings,drunkenly,TRINCULO,CALIBAN,sings,STEPHANO,They,exit,Africa,ACT,THREE,SCENE,STEPHANO,CALIBAN
CALIBAN,STEPHANO,CALIBAN,sings,drunkenly,TRINCULO,CALIBAN,sings,STEPHANO,They,exit,Africa,ACT,THREE,SCENE,Original,Text,FERDINAND,MIRANDA,STEPHANO
CALIBAN,sings,drunkenly,TRINCULO,CALIBAN,sings,STEPHANO,They,exit,Africa,ACT,THREE,SCENE,Original,Text,FERDINAND,MIRANDA,FERDINAND,sings,drunkenly
sings,drunkenly,TRINCULO,CALIBAN,sings,STEPHANO,They,exit,Africa,ACT,THREE,SCENE,Original,Text,FERDINAND,MIRANDA,TRINCULO,CALIBAN,sings,CALIBAN
STEPHANO,They,exit,Africa,ACT,THREE,SCENE,Original,Text,FERDINAND,MIRANDA,PROSPERO,MIRANDA,FERDINAND,They,exit,Africa,ACT,THREE,SCENE
FERDINAND,MIRANDA,PROSPERO,MIRANDA,FERDINAND,Admired,Miranda,!,MIRANDA,FERDINAND,MIRANDA,PROSPERO,aside,Fair,MIRANDA,FERDINAND,MIRANDA,PROSPERO,FERDINAND,MIRANDA
PROSPERO,MIRANDA,FERDINAND,Admired,Miranda,!,MIRANDA,FERDINAND,MIRANDA,PROSPERO,aside,Fair,encounter,FERDINAND,MIRANDA,FERDINAND,Admired,FERDINAND,Admired,Miranda
MIRANDA,FERDINAND,MIRANDA,PROSPERO,aside,Fair,encounter,FERDINAND,MIRANDA,FERDINAND,PROSPERO,Exit,ACT,THREE,SCENE,Modern,FERDINAND,MIRANDA,PROSPERO,aside
FERDINAND,MIRANDA,FERDINAND,PROSPERO,Exit,ACT,THREE,SCENE,Modern,Text,FERDINAND,MIRANDA,FERDINAND,the,earliest,MIRANDA,FERDINAND,MIRANDA,FERDINAND,PROSPERO
PROSPERO,Exit,ACT,THREE,SCENE,Modern,Text,FERDINAND,MIRANDA,FERDINAND,the,earliest,MIRANDA,FERDINAND,MIRANDA,PROSPERO,now,MIRANDA,FERDINAND,Exit
ACT,THREE,SCENE,Modern,Text,FERDINAND,MIRANDA,FERDINAND,the,earliest,MIRANDA,FERDINAND,MIRANDA,PROSPERO,now,MIRANDA,FERDINAND,prayers,SCENE,Modern
Modern,Text,FERDINAND,MIRANDA,FERDINAND,the,earliest,MIRANDA,FERDINAND,MIRANDA,PROSPERO,now,MIRANDA,FERDINAND,prayers,MIRANDA,FERDINAND,the,the,earliest
PROSPERO,now,MIRANDA,FERDINAND,prayers,MIRANDA,FERDINAND,MIRANDA,PROSPERO,FERDINAND,MIRANDA,FERDINAND,now,MIRANDA,FERDINAND,prayers,MIRANDA,FERDINAND,prayers,MIRANDA
FERDINAND,MIRANDA,PROSPERO,FERDINAND,MIRANDA,FERDINAND,PROSPERO,He,exits,ACT,SCENE,Original,Text,STEPHANO,MIRANDA,FERDINAND,MIRANDA,PROSPERO,FERDINAND,MIRANDA
PROSPERO,FERDINAND,MIRANDA,FERDINAND,PROSPERO,He,exits,ACT,SCENE,Original,Text,STEPHANO,TRINCULO,STEPHANO,FERDINAND,MIRANDA,FERDINAND,PROSPERO,MIRANDA,FERDINAND
MIRANDA,FERDINAND,PROSPERO,He,exits,ACT,SCENE,Original,Text,STEPHANO,TRINCULO,neither,FERDINAND,MIRANDA,FERDINAND,PROSPERO,He,exits,MIRANDA,FERDINAND
PROSPERO,He,exits,ACT,SCENE,Original,Text,STEPHANO,TRINCULO,neither,STEPHANO,CALIBAN,TRINCULO,to,He,exits,ACT,SCENE,Original,STEPHANO
STEPHANO,TRINCULO,neither,STEPHANO,CALIBAN,TRINCULO,to,CALIBAN,to,STEPHANO,TRINCULO,CALIBAN,to,STEPHANO,CALIBAN,STEPHANO,TRINCULO,TRINCULO,neither,STEPHANO
CALIBAN,TRINCULO,to,CALIBAN,to,STEPHANO,TRINCULO,CALIBAN,to,STEPHANO,CALIBAN,STEPHANO,Trinculo,CALIBAN,ARIEL,CALIBAN,to,TRINCULO,to,CALIBAN
CALIBAN,to,STEPHANO,TRINCULO,CALIBAN,to,STEPHANO,CALIBAN,STEPHANO,Trinculo,CALIBAN,ARIEL,CALIBAN,to,TRINCULO,STEPHANO,CALIBAN,to,STEPHANO,to
CALIBAN,to,STEPHANO,CALIBAN,STEPHANO,Trinculo,CALIBAN,ARIEL,CALIBAN,to,TRINCULO,STEPHANO,CALIBAN,to,STEPHANO,CALIBAN,STEPHANO,STEPHANO,Trinculo,CALIBAN
CALIBAN,to,TRINCULO,STEPHANO,CALIBAN,ARIEL,CALIBAN,STEPHANO,TRINCULO,STEPHANO,ARIEL,Thou,liest,STEPHANO,to,TRINCULO,STEPHANO,STEPHANO,CALIBAN,ARIEL
STEPHANO,CALIBAN,ARIEL,CALIBAN,STEPHANO,TRINCULO,STEPHANO,ARIEL,Thou,liest,STEPHANO,beats,TRINCULO,CALIBAN,STEPHANO,CALIBAN,ARIEL,CALIBAN,STEPHANO,TRINCULO
Thou,liest,STEPHANO,beats,TRINCULO,CALIBAN,STEPHANO,Trinculo,?,TRINCULO,Excellent,STEPHANO,CALIBAN,STEPHANO,beats,TRINCULO,CALIBAN,CALIBAN,STEPHANO,Trinculo
CALIBAN,STEPHANO,Trinculo,?,TRINCULO,Excellent,STEPHANO,CALIBAN,then,?,STEPHANO,ARIEL,CALIBAN,STEPHANO,sings,CALIBAN,STEPHANO,TRINCULO,STEPHANO,CALIBAN
Trinculo,?,TRINCULO,Excellent,STEPHANO,CALIBAN,then,?,STEPHANO,ARIEL,CALIBAN,STEPHANO,sings,CALIBAN,STEPHANO,TRINCULO,STEPHANO,CALIBAN,TRINCULO,Excellent
CALIBAN,then,?,STEPHANO,ARIEL,CALIBAN,STEPHANO,sings,CALIBAN,STEPHANO,TRINCULO,STEPHANO,CALIBAN,STEPHANO,then,?,STEPHANO,ARIEL,CALIBAN,CALIBAN
STEPHANO,TRINCULO,STEPHANO,CALIBAN,STEPHANO,TRINCULO,Exeunt,ACT,SCENE,Modern,Text,STEPHANO,TRINCULO,STEPHANO,CALIBAN,STEPHANO,TRINCULO,Exeunt,STEPHANO,TRINCULO
STEPHANO,CALIBAN,STEPHANO,TRINCULO,Exeunt,ACT,SCENE,Modern,Text,STEPHANO,me,TRINCULO,STEPHANO,TRINCULO,CALIBAN,STEPHANO,TRINCULO,Exeunt,STEPHANO,CALIBAN
STEPHANO,CALIBAN,STEPHANO,TRINCULO,Exeunt,ACT,SCENE,Modern,Text,STEPHANO,me,TRINCULO,STEPHANO,TRINCULO,CALIBAN,STEPHANO,TRINCULO,Exeunt,STEPHANO,TRINCULO
STEPHANO,TRINCULO,Exeunt,ACT,SCENE,Modern,Text,STEPHANO,me,TRINCULO,STEPHANO,CALIBAN,TRINCULO,Exeunt,ACT,SCENE,Modern,Modern,Text,STEPHANO
STEPHANO,TRINCULO,STEPHANO,CALIBAN,TRINCULO,CALIBAN,begging,you,STEPHANO,CALIBAN,ARIEL,You,TRINCULO,STEPHANO,CALIBAN,TRINCULO,CALIBAN,begging,STEPHANO,TRINCULO
STEPHANO,TRINCULO,STEPHANO,CALIBAN,TRINCULO,CALIBAN,begging,you,STEPHANO,CALIBAN,ARIEL,You,lie,CALIBAN,STEPHANO,TRINCULO,STEPHANO,CALIBAN,TRINCULO,TRINCULO
begging,you,STEPHANO,CALIBAN,ARIEL,You,lie,CALIBAN,STEPHANO,TRINCULO,STEPHANO,CALIBAN,ARIEL,CALIBAN,STEPHANO,CALIBAN,CALIBAN,ARIEL,You,lie
STEPHANO,TRINCULO,STEPHANO,CALIBAN,ARIEL,CALIBAN,STEPHANO,TRINCULO,STEPHANO,ARIEL,You,lie,STEPHANO,TRINCULO,CALIBAN,STEPHANO,TRINCULO,STEPHANO,CALIBAN,STEPHANO
ARIEL,CALIBAN,STEPHANO,TRINCULO,STEPHANO,ARIEL,You,lie,STEPHANO,TRINCULO,CALIBAN,STEPHANO,TRINCULO,Excellent,CALIBAN,STEPHANO,TRINCULO,STEPHANO,ARIEL,You
TRINCULO,CALIBAN,STEPHANO,TRINCULO,Excellent,STEPHANO,CALIBAN,STEPHANO,ARIEL,CALIBAN,STEPHANO,TRINCULO,Excellent,STEPHANO,CALIBAN,STEPHANO,TRINCULO,Excellent,STEPHANO,CALIBAN
STEPHANO,TRINCULO,Excellent,STEPHANO,CALIBAN,STEPHANO,ARIEL,CALIBAN,STEPHANO,TRINCULO,STEPHANO,CALIBAN,STEPHANO,free,TRINCULO,Excellent,STEPHANO,CALIBAN,Excellent,STEPHANO
CALIBAN,STEPHANO,ARIEL,CALIBAN,STEPHANO,TRINCULO,STEPHANO,CALIBAN,STEPHANO,free,CALIBAN,STEPHANO,TRINCULO,work,STEPHANO,ARIEL,CALIBAN,STEPHANO,CALIBAN,STEPHANO
STEPHANO,TRINCULO,STEPHANO,CALIBAN,STEPHANO,free,CALIBAN,STEPHANO,TRINCULO,work,afterward,STEPHANO,TRINCULO,ACT,SCENE,Original,Text,GONZALO,TRINCULO,CALIBAN
CALIBAN,STEPHANO,free,CALIBAN,STEPHANO,TRINCULO,work,afterward,STEPHANO,TRINCULO,ACT,SCENE,Original,Text,GONZALO,ALONSO,ANTONIO,SEBASTIAN,STEPHANO,CALIBAN
work,afterward,STEPHANO,TRINCULO,ACT,SCENE,Original,Text,GONZALO,ALONSO,ANTONIO,SEBASTIAN,ALONSO,GONZALO,ALONSO,SEBASTIAN,ANTONIO,GONZALO,STEPHANO,TRINCULO
TRINCULO,ACT,SCENE,Original,Text,GONZALO,ALONSO,ANTONIO,SEBASTIAN,ALONSO,GONZALO,ALONSO,SEBASTIAN,ANTONIO,GONZALO,If,in,Naples,ACT,SCENE
ACT,SCENE,Original,Text,GONZALO,ALONSO,ANTONIO,SEBASTIAN,ALONSO,GONZALO,ALONSO,SEBASTIAN,ANTONIO,GONZALO,If,in,Naples,PROSPERO,Original,Text
Original,Text,GONZALO,ALONSO,ANTONIO,SEBASTIAN,ALONSO,GONZALO,ALONSO,SEBASTIAN,ANTONIO,GONZALO,If,in,Naples,PROSPERO,ALONSO,PROSPERO,GONZALO,ALONSO
ANTONIO,SEBASTIAN,ALONSO,GONZALO,ALONSO,SEBASTIAN,ANTONIO,GONZALO,If,in,Naples,PROSPERO,ALONSO,PROSPERO,FRANCISCO,SEBASTIAN,ALONSO,Not,SEBASTIAN,ANTONIO
SEBASTIAN,ALONSO,GONZALO,ALONSO,SEBASTIAN,ANTONIO,GONZALO,If,in,Naples,PROSPERO,ALONSO,PROSPERO,FRANCISCO,SEBASTIAN,ALONSO,Not,I,GONZALO,ALONSO
GONZALO,ALONSO,SEBASTIAN,ANTONIO,GONZALO,If,in,Naples,PROSPERO,ALONSO,PROSPERO,FRANCISCO,SEBASTIAN,ALONSO,Not,I,GONZALO,ALONSO,Thunder,ALONSO
SEBASTIAN,ANTONIO,GONZALO,If,in,Naples,PROSPERO,ALONSO,PROSPERO,FRANCISCO,SEBASTIAN,ALONSO,Not,I,GONZALO,ALONSO,Thunder,and,lightning,ANTONIO
GONZALO,If,in,Naples,PROSPERO,ALONSO,PROSPERO,FRANCISCO,SEBASTIAN,ALONSO,Not,I,GONZALO,ALONSO,Thunder,and,lightning,ARIEL,PROSPERO,If
PROSPERO,ALONSO,PROSPERO,FRANCISCO,SEBASTIAN,ALONSO,Not,I,GONZALO,ALONSO,Thunder,and,lightning,ARIEL,PROSPERO,Exit,PROSPERO,above,GONZALO,ALONSO
PROSPERO,FRANCISCO,SEBASTIAN,ALONSO,Not,I,GONZALO,ALONSO,Thunder,and,lightning,ARIEL,PROSPERO,Exit,PROSPERO,above,GONZALO,ALONSO,Exit,FRANCISCO
SEBASTIAN,ALONSO,Not,I,GONZALO,ALONSO,Thunder,and,lightning,ARIEL,PROSPERO,Exit,PROSPERO,above,GONZALO,ALONSO,Exit,ALONSO,SEBASTIAN,ALONSO
Not,I,GONZALO,ALONSO,Thunder,and,lightning,ARIEL,PROSPERO,Exit,PROSPERO,above,GONZALO,ALONSO,Exit,ALONSO,SEBASTIAN,ANTONIO,GONZALO,ALONSO
ALONSO,Thunder,and,lightning,ARIEL,PROSPERO,Exit,PROSPERO,above,GONZALO,ALONSO,Exit,ALONSO,SEBASTIAN,ANTONIO,GONZALO,ADRIAN,Exeunt,omnes,Thunder
ARIEL,PROSPERO,Exit,PROSPERO,above,GONZALO,ALONSO,Exit,ALONSO,SEBASTIAN,ANTONIO,GONZALO,ADRIAN,Exeunt,omnes,ACT,SCENE,Modern,Text,PROSPERO
Exit,PROSPERO,above,GONZALO,ALONSO,Exit,ALONSO,SEBASTIAN,ANTONIO,GONZALO,ADRIAN,Exeunt,omnes,ACT,SCENE,Modern,Text,GONZALO,ALONSO,Exit
ALONSO,Exit,ALONSO,SEBASTIAN,ANTONIO,GONZALO,ADRIAN,Exeunt,omnes,ACT,SCENE,Modern,Text,others,enter,GONZALO,ALONSO,ANTONIO,SEBASTIAN,Exit
SEBASTIAN,ANTONIO,GONZALO,ADRIAN,Exeunt,omnes,ACT,SCENE,Modern,Text,others,enter,GONZALO,ALONSO,ANTONIO,SEBASTIAN,ALONSO,GONZALO,ANTONIO,ADRIAN
ACT,SCENE,Modern,Text,others,enter,GONZALO,ALONSO,ANTONIO,SEBASTIAN,ALONSO,GONZALO,ALONSO,SEBASTIAN,ANTONIO,GONZALO,any,human,Modern,Text
Modern,Text,others,enter,GONZALO,ALONSO,ANTONIO,SEBASTIAN,ALONSO,GONZALO,ALONSO,SEBASTIAN,ANTONIO,GONZALO,any,human,PROSPERO,ALONSO,others,enter
others,enter,GONZALO,ALONSO,ANTONIO,SEBASTIAN,ALONSO,GONZALO,ALONSO,SEBASTIAN,ANTONIO,GONZALO,any,human,PROSPERO,ALONSO,language,PROSPERO,GONZALO,ALONSO
ANTONIO,SEBASTIAN,ALONSO,GONZALO,ALONSO,SEBASTIAN,ANTONIO,GONZALO,any,human,PROSPERO,ALONSO,language,PROSPERO,FRANCISCO,SEBASTIAN,ALONSO,Not,SEBASTIAN,ANTONIO
SEBASTIAN,ALONSO,GONZALO,ALONSO,SEBASTIAN,ANTONIO,GONZALO,any,human,PROSPERO,ALONSO,language,PROSPERO,FRANCISCO,SEBASTIAN,ALONSO,Not,me,GONZALO,ALONSO
GONZALO,ALONSO,SEBASTIAN,ANTONIO,GONZALO,any,human,PROSPERO,ALONSO,language,PROSPERO,FRANCISCO,SEBASTIAN,ALONSO,Not,me,GONZALO,ALONSO,food,ALONSO
SEBASTIAN,ANTONIO,GONZALO,any,human,PROSPERO,ALONSO,language,PROSPERO,FRANCISCO,SEBASTIAN,ALONSO,Not,me,GONZALO,ALONSO,food,ARIEL,banquet,ANTONIO
GONZALO,any,human,PROSPERO,ALONSO,language,PROSPERO,FRANCISCO,SEBASTIAN,ALONSO,Not,me,GONZALO,ALONSO,food,ARIEL,banquet,table,PROSPERO,any
PROSPERO,ALONSO,language,PROSPERO,FRANCISCO,SEBASTIAN,ALONSO,Not,me,GONZALO,ALONSO,food,ARIEL,banquet,table,PROSPERO,GONZALO,ALONSO,mud,ALONSO
language,PROSPERO,FRANCISCO,SEBASTIAN,ALONSO,Not,me,GONZALO,ALONSO,food,ARIEL,banquet,table,PROSPERO,GONZALO,ALONSO,mud,ALONSO,exits,PROSPERO
FRANCISCO,SEBASTIAN,ALONSO,Not,me,GONZALO,ALONSO,food,ARIEL,banquet,table,PROSPERO,GONZALO,ALONSO,mud,ALONSO,exits,SEBASTIAN,ANTONIO,SEBASTIAN
ALONSO,Not,me,GONZALO,ALONSO,food,ARIEL,banquet,table,PROSPERO,GONZALO,ALONSO,mud,ALONSO,exits,SEBASTIAN,ANTONIO,GONZALO,ADRIAN,Not
GONZALO,ALONSO,food,ARIEL,banquet,table,PROSPERO,GONZALO,ALONSO,mud,ALONSO,exits,SEBASTIAN,ANTONIO,GONZALO,ADRIAN,ACT,FOUR,SCENE,ALONSO
food,ARIEL,banquet,table,PROSPERO,GONZALO,ALONSO,mud,ALONSO,exits,SEBASTIAN,ANTONIO,GONZALO,ADRIAN,ACT,FOUR,SCENE,Original,Text,ARIEL
banquet,table,PROSPERO,GONZALO,ALONSO,mud,ALONSO,exits,SEBASTIAN,ANTONIO,GONZALO,ADRIAN,ACT,FOUR,SCENE,Original,Text,PROSPERO,GONZALO,GONZALO
ALONSO,exits,SEBASTIAN,ANTONIO,GONZALO,ADRIAN,ACT,FOUR,SCENE,Original,Text,PROSPERO,FERDINAND,As,I,hope,PROSPERO,Fairly,SEBASTIAN,ANTONIO
GONZALO,ADRIAN,ACT,FOUR,SCENE,Original,Text,PROSPERO,FERDINAND,As,I,hope,PROSPERO,Fairly,spoke,Enter,ARIEL,ADRIAN,ACT,SCENE
PROSPERO,FERDINAND,As,I,hope,PROSPERO,Fairly,spoke,Enter,ARIEL,PROSPERO,ARIEL,Presently,?,PROSPERO,ARIEL,PROSPERO,FERDINAND,As,I
Fairly,spoke,Enter,ARIEL,PROSPERO,ARIEL,Presently,?,PROSPERO,ARIEL,Exit,ARIEL,PROSPERO,FERDINAND,PROSPERO,Well,Soft,Enter,ARIEL,Enter
ARIEL,PROSPERO,ARIEL,Presently,?,PROSPERO,ARIEL,Exit,ARIEL,PROSPERO,FERDINAND,PROSPERO,Well,Soft,music,Enter,IRIS,PROSPERO,ARIEL,Presently
Presently,?,PROSPERO,ARIEL,Exit,ARIEL,PROSPERO,FERDINAND,PROSPERO,Well,Soft,music,Enter,IRIS,JUNO,descends,above,PROSPERO,ARIEL,PROSPERO
FERDINAND,PROSPERO,Well,Soft,music,Enter,IRIS,JUNO,descends,above,Enter,CERES,IRIS,Of,her,society,PROSPERO,Well,Soft,Enter
Enter,CERES,IRIS,Of,her,society,CERES,JUNO,They,sing,JUNO,sings,CERES,sings,FERDINAND,PROSPERO,FERDINAND,CERES,IRIS,CERES
Of,her,society,CERES,JUNO,They,sing,JUNO,sings,CERES,sings,FERDINAND,PROSPERO,IRIS,Enter,certain,nymphs,PROSPERO,CERES,JUNO
They,sing,JUNO,sings,CERES,sings,FERDINAND,PROSPERO,IRIS,Enter,certain,nymphs,PROSPERO,vanish,FERDINAND,MIRANDA,PROSPERO,FERDINAND,JUNO,sings
sings,FERDINAND,PROSPERO,IRIS,Enter,certain,nymphs,PROSPERO,vanish,FERDINAND,MIRANDA,PROSPERO,Enter,ARIEL,FERDINAND,PROSPERO,IRIS,Enter,PROSPERO,FERDINAND
PROSPERO,IRIS,Enter,certain,nymphs,PROSPERO,vanish,FERDINAND,MIRANDA,PROSPERO,Enter,ARIEL,PROSPERO,Spirit,ARIEL,PROSPERO,IRIS,Enter,certain,vanish
FERDINAND,MIRANDA,PROSPERO,Enter,ARIEL,PROSPERO,Spirit,ARIEL,PROSPERO,ARIEL,Exit,ARIEL,PROSPERO,CALIBAN,STEPHANO,TRINCULO,indignation,PROSPERO,Enter,ARIEL
ARIEL,PROSPERO,ARIEL,Exit,ARIEL,PROSPERO,CALIBAN,STEPHANO,TRINCULO,indignation,STEPHANO,TRINCULO,CALIBAN,TRINCULO,STEPHANO,infinite,loss,TRINCULO,PROSPERO,PROSPERO
Exit,ARIEL,PROSPERO,CALIBAN,STEPHANO,TRINCULO,indignation,STEPHANO,TRINCULO,CALIBAN,TRINCULO,STEPHANO,infinite,loss,TRINCULO,STEPHANO,CALIBAN,STEPHANO,PROSPERO,CALIBAN
CALIBAN,STEPHANO,TRINCULO,indignation,STEPHANO,TRINCULO,CALIBAN,TRINCULO,STEPHANO,infinite,loss,TRINCULO,STEPHANO,CALIBAN,STEPHANO,TRINCULO,seeing,the,apparel,STEPHANO
TRINCULO,indignation,STEPHANO,TRINCULO,CALIBAN,TRINCULO,STEPHANO,infinite,loss,TRINCULO,STEPHANO,CALIBAN,STEPHANO,TRINCULO,seeing,the,apparel,CALIBAN,TRINCULO,indignation
STEPHANO,TRINCULO,CALIBAN,TRINCULO,STEPHANO,infinite,loss,TRINCULO,STEPHANO,CALIBAN,STEPHANO,TRINCULO,seeing,the,apparel,CALIBAN,TRINCULO,gown,STEPHANO,TRINCULO
CALIBAN,TRINCULO,STEPHANO,infinite,loss,TRINCULO,STEPHANO,CALIBAN,STEPHANO,TRINCULO,seeing,the,apparel,CALIBAN,TRINCULO,gown,STEPHANO,TRINCULO,CALIBAN,TRINCULO
STEPHANO,infinite,loss,TRINCULO,STEPHANO,CALIBAN,STEPHANO,TRINCULO,seeing,the,apparel,CALIBAN,TRINCULO,gown,STEPHANO,TRINCULO,CALIBAN,STEPHANO,TRINCULO,infinite
TRINCULO,STEPHANO,CALIBAN,STEPHANO,TRINCULO,seeing,the,apparel,CALIBAN,TRINCULO,gown,STEPHANO,TRINCULO,CALIBAN,STEPHANO,TRINCULO,the,rest,STEPHANO,STEPHANO
seeing,the,apparel,CALIBAN,TRINCULO,gown,STEPHANO,TRINCULO,CALIBAN,STEPHANO,TRINCULO,the,rest,CALIBAN,STEPHANO,carry,this,TRINCULO,CALIBAN,TRINCULO
gown,STEPHANO,TRINCULO,CALIBAN,STEPHANO,TRINCULO,the,rest,CALIBAN,STEPHANO,carry,this,TRINCULO,STEPHANO,PROSPERO,ARIEL,STEPHANO,TRINCULO,CALIBAN,TRINCULO
STEPHANO,TRINCULO,the,rest,CALIBAN,STEPHANO,carry,this,TRINCULO,STEPHANO,PROSPERO,ARIEL,PROSPERO,Exeunt,ACT,FOUR,TRINCULO,STEPHANO,TRINCULO,TRINCULO
the,rest,CALIBAN,STEPHANO,carry,this,TRINCULO,STEPHANO,PROSPERO,ARIEL,PROSPERO,Exeunt,ACT,FOUR,SCENE,Modern,Text,PROSPERO,CALIBAN,STEPHANO
TRINCULO,STEPHANO,PROSPERO,ARIEL,PROSPERO,Exeunt,ACT,FOUR,SCENE,Modern,Text,PROSPERO,FERDINAND,ever,come,PROSPERO,STEPHANO,PROSPERO,ARIEL,PROSPERO
Exeunt,ACT,FOUR,SCENE,Modern,Text,PROSPERO,FERDINAND,ever,come,PROSPERO,ARIEL,enters,ARIEL,PROSPERO,ARIEL,Right,now,ACT,Modern
PROSPERO,FERDINAND,ever,come,PROSPERO,ARIEL,enters,ARIEL,PROSPERO,ARIEL,Right,now,?,PROSPERO,ARIEL,exits,PROSPERO,FERDINAND,ever,come
PROSPERO,ARIEL,enters,ARIEL,PROSPERO,ARIEL,Right,now,?,PROSPERO,ARIEL,exits,PROSPERO,FERDINAND,PROSPERO,IRIS,enters,ARIEL,PROSPERO,ARIEL
ARIEL,PROSPERO,ARIEL,exits,PROSPERO,FERDINAND,PROSPERO,IRIS,enters,IRIS,rocky,seashore,entertain,Juno,CERES,enters,CERES,spot,?,PROSPERO
ARIEL,exits,PROSPERO,FERDINAND,PROSPERO,IRIS,enters,IRIS,rocky,seashore,entertain,Juno,CERES,enters,CERES,spot,?,IRIS,CERES,ARIEL
PROSPERO,FERDINAND,PROSPERO,IRIS,enters,IRIS,rocky,seashore,entertain,Juno,CERES,enters,CERES,spot,?,IRIS,CERES,JUNO,FERDINAND,IRIS
rocky,seashore,entertain,Juno,CERES,enters,CERES,spot,?,IRIS,CERES,JUNO,They,sing,JUNO,singing,CERES,singing,entertain,Juno
entertain,Juno,CERES,enters,CERES,spot,?,IRIS,CERES,JUNO,They,sing,JUNO,singing,CERES,singing,FERDINAND,before,CERES,enters
CERES,enters,CERES,spot,?,IRIS,CERES,JUNO,They,sing,JUNO,singing,CERES,singing,FERDINAND,before,us,?,CERES,spot
IRIS,CERES,JUNO,They,sing,JUNO,singing,CERES,singing,FERDINAND,before,us,?,PROSPERO,whims,FERDINAND,PROSPERO,IRIS,CERES,IRIS
JUNO,They,sing,JUNO,singing,CERES,singing,FERDINAND,before,us,?,PROSPERO,whims,FERDINAND,PROSPERO,IRIS,PROSPERO,FERDINAND,MIRANDA,They
JUNO,singing,CERES,singing,FERDINAND,before,us,?,PROSPERO,whims,FERDINAND,PROSPERO,IRIS,PROSPERO,FERDINAND,MIRANDA,is,now,PROSPERO,singing
CERES,singing,FERDINAND,before,us,?,PROSPERO,whims,FERDINAND,PROSPERO,IRIS,PROSPERO,FERDINAND,MIRANDA,is,now,PROSPERO,feverish,mind,singing
FERDINAND,before,us,?,PROSPERO,whims,FERDINAND,PROSPERO,IRIS,PROSPERO,FERDINAND,MIRANDA,is,now,PROSPERO,feverish,mind,FERDINAND,MIRANDA,before
PROSPERO,whims,FERDINAND,PROSPERO,IRIS,PROSPERO,FERDINAND,MIRANDA,is,now,PROSPERO,feverish,mind,FERDINAND,MIRANDA,They,exit,PROSPERO,ARIEL,whims
FERDINAND,PROSPERO,IRIS,PROSPERO,FERDINAND,MIRANDA,is,now,PROSPERO,feverish,mind,FERDINAND,MIRANDA,They,exit,PROSPERO,ARIEL,enters,ARIEL,PROSPERO
IRIS,PROSPERO,FERDINAND,MIRANDA,is,now,PROSPERO,feverish,mind,FERDINAND,MIRANDA,They,exit,PROSPERO,ARIEL,enters,ARIEL,PROSPERO,FERDINAND,MIRANDA
FERDINAND,MIRANDA,They,exit,PROSPERO,ARIEL,enters,ARIEL,PROSPERO,ARIEL,exits,PROSPERO,CALIBAN,STEPHANO,TRINCULO,They,exit,They,PROSPERO,ARIEL
ARIEL,PROSPERO,ARIEL,exits,PROSPERO,CALIBAN,STEPHANO,TRINCULO,STEPHANO,just,watch,out,TRINCULO,CALIBAN,TRINCULO,PROSPERO,ARIEL,exits,ARIEL,PROSPERO
ARIEL,PROSPERO,ARIEL,exits,PROSPERO,CALIBAN,STEPHANO,TRINCULO,STEPHANO,just,watch,out,TRINCULO,CALIBAN,TRINCULO,STEPHANO,CALIBAN,PROSPERO,ARIEL,exits
ARIEL,exits,PROSPERO,CALIBAN,STEPHANO,TRINCULO,STEPHANO,just,watch,out,TRINCULO,CALIBAN,TRINCULO,STEPHANO,CALIBAN,STEPHANO,TRINCULO,CALIBAN,PROSPERO,CALIBAN
STEPHANO,TRINCULO,STEPHANO,just,watch,out,TRINCULO,CALIBAN,TRINCULO,STEPHANO,CALIBAN,STEPHANO,TRINCULO,CALIBAN,TRINCULO,STEPHANO,just,watch,out,TRINCULO
just,watch,out,TRINCULO,CALIBAN,TRINCULO,STEPHANO,CALIBAN,STEPHANO,TRINCULO,CALIBAN,TRINCULO,STEPHANO,TRINCULO,STEPHANO,CALIBAN,STEPHANO,TRINCULO,CALIBAN,TRINCULO
STEPHANO,CALIBAN,STEPHANO,TRINCULO,CALIBAN,TRINCULO,STEPHANO,TRINCULO,CALIBAN,STEPHANO,TRINCULO,STEPHANO,say,thanks,TRINCULO,CALIBAN,STEPHANO,take,them,CALIBAN
STEPHANO,TRINCULO,CALIBAN,TRINCULO,STEPHANO,TRINCULO,CALIBAN,STEPHANO,TRINCULO,STEPHANO,say,thanks,TRINCULO,CALIBAN,STEPHANO,take,them,TRINCULO,STEPHANO,TRINCULO
CALIBAN,TRINCULO,STEPHANO,TRINCULO,CALIBAN,STEPHANO,TRINCULO,STEPHANO,say,thanks,TRINCULO,CALIBAN,STEPHANO,take,them,TRINCULO,STEPHANO,PROSPERO,ARIEL,TRINCULO
STEPHANO,TRINCULO,CALIBAN,STEPHANO,TRINCULO,STEPHANO,say,thanks,TRINCULO,CALIBAN,STEPHANO,take,them,TRINCULO,STEPHANO,PROSPERO,ARIEL,PROSPERO,TRINCULO,CALIBAN
STEPHANO,TRINCULO,STEPHANO,say,thanks,TRINCULO,CALIBAN,STEPHANO,take,them,TRINCULO,STEPHANO,PROSPERO,ARIEL,PROSPERO,They,exit,ACT,TRINCULO,STEPHANO
say,thanks,TRINCULO,CALIBAN,STEPHANO,take,them,TRINCULO,STEPHANO,PROSPERO,ARIEL,PROSPERO,They,exit,ACT,FIVE,SCENE,Original,TRINCULO,CALIBAN
STEPHANO,take,them,TRINCULO,STEPHANO,PROSPERO,ARIEL,PROSPERO,They,exit,ACT,FIVE,SCENE,Original,Text,PROSPERO,ARIEL,PROSPERO,take,them
take,them,TRINCULO,STEPHANO,PROSPERO,ARIEL,PROSPERO,They,exit,ACT,FIVE,SCENE,Original,Text,PROSPERO,ARIEL,TRINCULO,STEPHANO,PROSPERO,STEPHANO
ARIEL,PROSPERO,They,exit,ACT,FIVE,SCENE,Original,Text,PROSPERO,ARIEL,Confined,together,PROSPERO,ARIEL,PROSPERO,They,exit,ACT,They
Original,Text,PROSPERO,ARIEL,Confined,together,PROSPERO,ARIEL,Exit,ARIEL,PROSPERO,Solemn,music,observing,speaks,aside,PROSPERO,ARIEL,PROSPERO,ARIEL
PROSPERO,ARIEL,Exit,ARIEL,PROSPERO,Solemn,music,observing,speaks,aside,Their,understanding,ARIEL,PROSPERO,ARIEL,Exit,ARIEL,GONZALO,ARIEL,PROSPERO
Exit,ARIEL,PROSPERO,Solemn,music,observing,speaks,aside,Their,understanding,ARIEL,PROSPERO,ARIEL,Exit,ARIEL,GONZALO,PROSPERO,ALONSO,PROSPERO,Solemn
Solemn,music,observing,speaks,aside,Their,understanding,ARIEL,PROSPERO,ARIEL,Exit,ARIEL,GONZALO,PROSPERO,ALONSO,PROSPERO,GONZALO,Whether,observing,speaks
aside,Their,understanding,ARIEL,PROSPERO,ARIEL,Exit,ARIEL,GONZALO,PROSPERO,ALONSO,PROSPERO,GONZALO,Whether,this,be,PROSPERO,ARIEL,PROSPERO,ARIEL
GONZALO,PROSPERO,ALONSO,PROSPERO,GONZALO,Whether,this,be,PROSPERO,SEBASTIAN,PROSPERO,ALONSO,PROSPERO,I,rather,think,ALONSO,PROSPERO,ALONSO,PROSPERO
Whether,this,be,PROSPERO,SEBASTIAN,PROSPERO,ALONSO,PROSPERO,I,rather,think,ALONSO,PROSPERO,ALONSO,A,daughter,?,PROSPERO,SEBASTIAN,PROSPERO
PROSPERO,ALONSO,PROSPERO,I,rather,think,ALONSO,PROSPERO,ALONSO,A,daughter,?,PROSPERO,chess,MIRANDA,FERDINAND,MIRANDA,ALONSO,PROSPERO,ALONSO
ALONSO,PROSPERO,I,rather,think,ALONSO,PROSPERO,ALONSO,A,daughter,?,PROSPERO,chess,MIRANDA,FERDINAND,MIRANDA,ALONSO,If,this,PROSPERO
I,rather,think,ALONSO,PROSPERO,ALONSO,A,daughter,?,PROSPERO,chess,MIRANDA,FERDINAND,MIRANDA,ALONSO,If,this,ALONSO,PROSPERO,ALONSO
PROSPERO,ALONSO,A,daughter,?,PROSPERO,chess,MIRANDA,FERDINAND,MIRANDA,ALONSO,If,this,prove,SEBASTIAN,FERDINAND,ALONSO,MIRANDA,PROSPERO,ALONSO
A,daughter,?,PROSPERO,chess,MIRANDA,FERDINAND,MIRANDA,ALONSO,If,this,prove,SEBASTIAN,FERDINAND,ALONSO,MIRANDA,PROSPERO,chess,MIRANDA,chess
FERDINAND,MIRANDA,ALONSO,If,this,prove,SEBASTIAN,FERDINAND,ALONSO,MIRANDA,PROSPERO,ALONSO,to,FERDINAND,ALONSO,PROSPERO,GONZALO,ALONSO,GONZALO,MIRANDA
If,this,prove,SEBASTIAN,FERDINAND,ALONSO,MIRANDA,PROSPERO,ALONSO,to,FERDINAND,ALONSO,PROSPERO,GONZALO,ALONSO,GONZALO,BOATSWAIN,SEBASTIAN,FERDINAND,ALONSO
ALONSO,MIRANDA,PROSPERO,ALONSO,to,FERDINAND,ALONSO,PROSPERO,GONZALO,ALONSO,GONZALO,BOATSWAIN,ARIEL,PROSPERO,ALONSO,BOATSWAIN,ARIEL,MIRANDA,PROSPERO,ALONSO
to,FERDINAND,ALONSO,PROSPERO,GONZALO,ALONSO,GONZALO,BOATSWAIN,ARIEL,PROSPERO,ALONSO,PROSPERO,Exit,FERDINAND,ALONSO,PROSPERO,GONZALO,GONZALO,ALONSO,GONZALO
GONZALO,BOATSWAIN,ARIEL,PROSPERO,ALONSO,PROSPERO,Exit,ARIEL,stolen,apparel,STEPHANO,sight,CALIBAN,SEBASTIAN,ANTONIO,PROSPERO,BOATSWAIN,ARIEL,PROSPERO,PROSPERO
BOATSWAIN,ARIEL,PROSPERO,ALONSO,PROSPERO,Exit,ARIEL,stolen,apparel,STEPHANO,sight,CALIBAN,SEBASTIAN,ANTONIO,PROSPERO,Acknowledge,mine,CALIBAN,ALONSO,ARIEL
PROSPERO,ALONSO,PROSPERO,Exit,ARIEL,stolen,apparel,STEPHANO,sight,CALIBAN,SEBASTIAN,ANTONIO,PROSPERO,Acknowledge,mine,CALIBAN,ALONSO,SEBASTIAN,ALONSO,PROSPERO
stolen,apparel,STEPHANO,sight,CALIBAN,SEBASTIAN,ANTONIO,PROSPERO,Acknowledge,mine,CALIBAN,ALONSO,SEBASTIAN,ALONSO,TRINCULO,SEBASTIAN,STEPHANO,PROSPERO,STEPHANO,sight
sight,CALIBAN,SEBASTIAN,ANTONIO,PROSPERO,Acknowledge,mine,CALIBAN,ALONSO,SEBASTIAN,ALONSO,TRINCULO,SEBASTIAN,STEPHANO,PROSPERO,STEPHANO,ALONSO,indicating,CALIBAN,SEBASTIAN
Acknowledge,mine,CALIBAN,ALONSO,SEBASTIAN,ALONSO,TRINCULO,SEBASTIAN,STEPHANO,PROSPERO,STEPHANO,ALONSO,indicating,CALIBAN,PROSPERO,ALONSO,SEBASTIAN,PROSPERO,CALIBAN,ALONSO
ALONSO,SEBASTIAN,ALONSO,TRINCULO,SEBASTIAN,STEPHANO,PROSPERO,STEPHANO,ALONSO,indicating,CALIBAN,PROSPERO,ALONSO,SEBASTIAN,PROSPERO,ALONSO,I,long,SEBASTIAN,ALONSO
TRINCULO,SEBASTIAN,STEPHANO,PROSPERO,STEPHANO,ALONSO,indicating,CALIBAN,PROSPERO,ALONSO,SEBASTIAN,PROSPERO,ALONSO,I,long,PROSPERO,Exeunt,omnes,SEBASTIAN,STEPHANO
PROSPERO,STEPHANO,ALONSO,indicating,CALIBAN,PROSPERO,ALONSO,SEBASTIAN,PROSPERO,ALONSO,I,long,PROSPERO,Exeunt,omnes,ACT,FIVE,SCENE,STEPHANO,ALONSO
indicating,CALIBAN,PROSPERO,ALONSO,SEBASTIAN,PROSPERO,ALONSO,I,long,PROSPERO,Exeunt,omnes,ACT,FIVE,SCENE,Modern,Text,PROSPERO,CALIBAN,PROSPERO
PROSPERO,ALONSO,SEBASTIAN,PROSPERO,ALONSO,I,long,PROSPERO,Exeunt,omnes,ACT,FIVE,SCENE,Modern,Text,PROSPERO,is,it,?,ALONSO
SEBASTIAN,PROSPERO,ALONSO,I,long,PROSPERO,Exeunt,omnes,ACT,FIVE,SCENE,Modern,Text,PROSPERO,is,it,?,ARIEL,finished,PROSPERO
ALONSO,I,long,PROSPERO,Exeunt,omnes,ACT,FIVE,SCENE,Modern,Text,PROSPERO,is,it,?,ARIEL,finished,PROSPERO,ARIEL,I
PROSPERO,Exeunt,omnes,ACT,FIVE,SCENE,Modern,Text,PROSPERO,is,it,?,ARIEL,finished,PROSPERO,ARIEL,PROSPERO,again,Exeunt,ACT
PROSPERO,is,it,?,ARIEL,finished,PROSPERO,ARIEL,PROSPERO,again,ARIEL,exits,PROSPERO,ARIEL,is,it,?,ARIEL,finished,PROSPERO
PROSPERO,ARIEL,PROSPERO,again,ARIEL,exits,PROSPERO,ARIEL,exits,GONZALO,PROSPERO,ALONSO,PROSPERO,GONZALO,ARIEL,PROSPERO,again,ARIEL,PROSPERO,ARIEL
PROSPERO,again,ARIEL,exits,PROSPERO,ARIEL,exits,GONZALO,PROSPERO,ALONSO,PROSPERO,GONZALO,PROSPERO,SEBASTIAN,PROSPERO,ALONSO,again,ARIEL,exits,PROSPERO
ARIEL,exits,GONZALO,PROSPERO,ALONSO,PROSPERO,GONZALO,PROSPERO,SEBASTIAN,PROSPERO,ALONSO,PROSPERO,chess,MIRANDA,GONZALO,PROSPERO,ALONSO,PROSPERO,PROSPERO,GONZALO
PROSPERO,ALONSO,PROSPERO,chess,MIRANDA,FERDINAND,MIRANDA,ALONSO,SEBASTIAN,FERDINAND,ALONSO,came,here,MIRANDA,ALONSO,PROSPERO,chess,MIRANDA,PROSPERO,ALONSO
PROSPERO,ALONSO,PROSPERO,chess,MIRANDA,FERDINAND,MIRANDA,ALONSO,SEBASTIAN,FERDINAND,ALONSO,came,here,MIRANDA,PROSPERO,ALONSO,FERDINAND,ALONSO,PROSPERO,ALONSO
chess,MIRANDA,FERDINAND,MIRANDA,ALONSO,SEBASTIAN,FERDINAND,ALONSO,came,here,MIRANDA,PROSPERO,ALONSO,FERDINAND,ALONSO,PROSPERO,GONZALO,ALONSO,MIRANDA,MIRANDA
FERDINAND,ALONSO,came,here,MIRANDA,PROSPERO,ALONSO,FERDINAND,ALONSO,PROSPERO,GONZALO,ALONSO,GONZALO,BOATSWAIN,ARIEL,PROSPERO,ALONSO,BOATSWAIN,ALONSO,came
FERDINAND,ALONSO,PROSPERO,GONZALO,ALONSO,GONZALO,BOATSWAIN,ARIEL,PROSPERO,ALONSO,PROSPERO,ARIEL,exits,stolen,ALONSO,PROSPERO,GONZALO,ALONSO,GONZALO,BOATSWAIN
BOATSWAIN,ARIEL,PROSPERO,ALONSO,PROSPERO,ARIEL,exits,stolen,clothes,STEPHANO,monster,TRINCULO,CALIBAN,SEBASTIAN,ANTONIO,PROSPERO,ARIEL,PROSPERO,ALONSO,ALONSO
ARIEL,PROSPERO,ALONSO,PROSPERO,ARIEL,exits,stolen,clothes,STEPHANO,monster,TRINCULO,CALIBAN,SEBASTIAN,ANTONIO,PROSPERO,CALIBAN,ALONSO,SEBASTIAN,ALONSO,PROSPERO
ALONSO,PROSPERO,ARIEL,exits,stolen,clothes,STEPHANO,monster,TRINCULO,CALIBAN,SEBASTIAN,ANTONIO,PROSPERO,CALIBAN,ALONSO,SEBASTIAN,ALONSO,TRINCULO,SEBASTIAN,PROSPERO
ARIEL,exits,stolen,clothes,STEPHANO,monster,TRINCULO,CALIBAN,SEBASTIAN,ANTONIO,PROSPERO,CALIBAN,ALONSO,SEBASTIAN,ALONSO,TRINCULO,SEBASTIAN,STEPHANO,stolen,clothes
STEPHANO,monster,TRINCULO,CALIBAN,SEBASTIAN,ANTONIO,PROSPERO,CALIBAN,ALONSO,SEBASTIAN,ALONSO,TRINCULO,SEBASTIAN,STEPHANO,PROSPERO,STEPHANO,ALONSO,PROSPERO,CALIBAN,monster
TRINCULO,CALIBAN,SEBASTIAN,ANTONIO,PROSPERO,CALIBAN,ALONSO,SEBASTIAN,ALONSO,TRINCULO,SEBASTIAN,STEPHANO,PROSPERO,STEPHANO,ALONSO,PROSPERO,CALIBAN,PROSPERO,ALONSO,CALIBAN
SEBASTIAN,ANTONIO,PROSPERO,CALIBAN,ALONSO,SEBASTIAN,ALONSO,TRINCULO,SEBASTIAN,STEPHANO,PROSPERO,STEPHANO,ALONSO,PROSPERO,CALIBAN,PROSPERO,ALONSO,found,it,ANTONIO
PROSPERO,CALIBAN,ALONSO,SEBASTIAN,ALONSO,TRINCULO,SEBASTIAN,STEPHANO,PROSPERO,STEPHANO,ALONSO,PROSPERO,CALIBAN,PROSPERO,ALONSO,found,it,SEBASTIAN,PROSPERO,CALIBAN
ALONSO,SEBASTIAN,ALONSO,TRINCULO,SEBASTIAN,STEPHANO,PROSPERO,STEPHANO,ALONSO,PROSPERO,CALIBAN,PROSPERO,ALONSO,found,it,SEBASTIAN,PROSPERO,ALONSO,PROSPERO,SEBASTIAN
ALONSO,TRINCULO,SEBASTIAN,STEPHANO,PROSPERO,STEPHANO,ALONSO,PROSPERO,CALIBAN,PROSPERO,ALONSO,found,it,SEBASTIAN,PROSPERO,ALONSO,PROSPERO,EPILOGUE,Original,TRINCULO
SEBASTIAN,STEPHANO,PROSPERO,STEPHANO,ALONSO,PROSPERO,CALIBAN,PROSPERO,ALONSO,found,it,SEBASTIAN,PROSPERO,ALONSO,PROSPERO,EPILOGUE,Original,Text,Spoken,STEPHANO
PROSPERO,STEPHANO,ALONSO,PROSPERO,CALIBAN,PROSPERO,ALONSO,found,it,SEBASTIAN,PROSPERO,ALONSO,PROSPERO,EPILOGUE,Original,Text,Spoken,by,PROSPERO,STEPHANO
ALONSO,PROSPERO,CALIBAN,PROSPERO,ALONSO,found,it,SEBASTIAN,PROSPERO,ALONSO,PROSPERO,EPILOGUE,Original,Text,Spoken,by,PROSPERO,Exit,EPILOGUE,PROSPERO
CALIBAN,PROSPERO,ALONSO,found,it,SEBASTIAN,PROSPERO,ALONSO,PROSPERO,EPILOGUE,Original,Text,Spoken,by,PROSPERO,Exit,EPILOGUE,Modern,Text,PROSPERO
ALONSO,found,it,SEBASTIAN,PROSPERO,ALONSO,PROSPERO,EPILOGUE,Original,Text,Spoken,by,PROSPERO,Exit,EPILOGUE,Modern,Text,PROSPERO,He,found
SEBASTIAN,PROSPERO,ALONSO,PROSPERO,EPILOGUE,Original,Text,Spoken,by,PROSPERO,Exit,EPILOGUE,Modern,Text,PROSPERO,He,exits,LITERATURE,GUIDES,PROSPERO
ALONSO,PROSPERO,EPILOGUE,Original,Text,Spoken,by,PROSPERO,Exit,EPILOGUE,Modern,Text,PROSPERO,He,exits,LITERATURE,GUIDES,The,Adventures,PROSPERO
EPILOGUE,Original,Text,Spoken,by,PROSPERO,Exit,EPILOGUE,Modern,Text,PROSPERO,He,exits,LITERATURE,GUIDES,The,Adventures,of,Huckleberry,Original
Spoken,by,PROSPERO,Exit,EPILOGUE,Modern,Text,PROSPERO,He,exits,LITERATURE,GUIDES,The,Adventures,of,Huckleberry,Finn,PROSPERO,Exit,EPILOGUE
Exit,EPILOGUE,Modern,Text,PROSPERO,He,exits,LITERATURE,GUIDES,The,Adventures,of,Huckleberry,Finn,Sawyer,The,Aeneid,Front,Angela,EPILOGUE
Modern,Text,PROSPERO,He,exits,LITERATURE,GUIDES,The,Adventures,of,Huckleberry,Finn,Sawyer,The,Aeneid,Front,Angela,s,PROSPERO,He
He,exits,LITERATURE,GUIDES,The,Adventures,of,Huckleberry,Finn,Sawyer,The,Aeneid,Front,Angela,s,Ashes,Animal,Farm,LITERATURE,GUIDES
The,Adventures,of,Huckleberry,Finn,Sawyer,The,Aeneid,Front,Angela,s,Ashes,Animal,Farm,Anna,Karenina,Anthem,Huckleberry,Finn,Sawyer
Sawyer,The,Aeneid,Front,Angela,s,Ashes,Animal,Farm,Anna,Karenina,Anthem,Antony,and,Cleopatra,Aristotle,s,Ethics,Atlas,The
Front,Angela,s,Ashes,Animal,Farm,Anna,Karenina,Anthem,Antony,and,Cleopatra,Aristotle,s,Ethics,Atlas,Shrugged,The,Autobiography,Angela
Animal,Farm,Anna,Karenina,Anthem,Antony,and,Cleopatra,Aristotle,s,Ethics,Atlas,Shrugged,The,Autobiography,of,Malcolm,X,Anna,Karenina
Anthem,Antony,and,Cleopatra,Aristotle,s,Ethics,Atlas,Shrugged,The,Autobiography,of,Malcolm,X,The,Awakening,The,Bean,Trees,Antony
Aristotle,s,Ethics,Atlas,Shrugged,The,Autobiography,of,Malcolm,X,The,Awakening,The,Bean,Trees,The,Bell,Atlas,Shrugged,The
The,Autobiography,of,Malcolm,X,The,Awakening,The,Bean,Trees,The,Bell,Jar,Beloved,Beowulf,Billy,Budd,Malcolm,X,The
The,Awakening,The,Bean,Trees,The,Bell,Jar,Beloved,Beowulf,Billy,Budd,Black,Boy,The,Bluest,Eye,Brave,The,Bean
The,Bell,Jar,Beloved,Beowulf,Billy,Budd,Black,Boy,The,Bluest,Eye,Brave,New,World,The,Brothers,Beloved,Beowulf,Billy
Beowulf,Billy,Budd,Black,Boy,The,Bluest,Eye,Brave,New,World,The,Brothers,Karamazov,Candide,The,Canterbury,Tales,Catch,Billy
Black,Boy,The,Bluest,Eye,Brave,New,World,The,Brothers,Karamazov,Candide,The,Canterbury,Tales,Catch,The,Chocolate,The,Bluest
Brave,New,World,The,Brothers,Karamazov,Candide,The,Canterbury,Tales,Catch,The,Chocolate,War,The,Chosen,Cold,The,Brothers,Karamazov
Candide,The,Canterbury,Tales,Catch,The,Chocolate,War,The,Chosen,Cold,Mountain,Cold,Sassy,Tree,The,Color,Purple,Cristo,The
Catch,The,Chocolate,War,The,Chosen,Cold,Mountain,Cold,Sassy,Tree,The,Color,Purple,Cristo,Crime,and,Punishment,The,The
Cold,Sassy,Tree,The,Color,Purple,Cristo,Crime,and,Punishment,The,Crucible,Cyrano,de,Bergerac,David,Copperfield,The,Color,Purple
Cristo,Crime,and,Punishment,The,Crucible,Cyrano,de,Bergerac,David,Copperfield,Don,Quixote,Dr,Faustus,Dracula,Dune,Edith,Hamilton,Crime
The,Crucible,Cyrano,de,Bergerac,David,Copperfield,Don,Quixote,Dr,Faustus,Dracula,Dune,Edith,Hamilton,s,Mythology,Emma,Cyrano,de
David,Copperfield,Don,Quixote,Dr,Faustus,Dracula,Dune,Edith,Hamilton,s,Mythology,Emma,Ethan,Frome,Fahrenheit,Fallen,Angels,Don,Quixote
Dr,Faustus,Dracula,Dune,Edith,Hamilton,s,Mythology,Emma,Ethan,Frome,Fahrenheit,Fallen,Angels,Farewell,to,Manzanar,Flowers,Dracula,Dune
Dune,Edith,Hamilton,s,Mythology,Emma,Ethan,Frome,Fahrenheit,Fallen,Angels,Farewell,to,Manzanar,Flowers,for,Algernon,The,Fountainhead,Edith
Mythology,Emma,Ethan,Frome,Fahrenheit,Fallen,Angels,Farewell,to,Manzanar,Flowers,for,Algernon,The,Fountainhead,Frankenstein,The,Giver,The,Emma
Ethan,Frome,Fahrenheit,Fallen,Angels,Farewell,to,Manzanar,Flowers,for,Algernon,The,Fountainhead,Frankenstein,The,Giver,The,Glass,Fahrenheit,Fallen
Fallen,Angels,Farewell,to,Manzanar,Flowers,for,Algernon,The,Fountainhead,Frankenstein,The,Giver,The,Glass,Menagerie,The,Good,Farewell,to
Flowers,for,Algernon,The,Fountainhead,Frankenstein,The,Giver,The,Glass,Menagerie,The,Good,Earth,Great,Expectations,The,Fountainhead,Frankenstein,Frankenstein
The,Glass,Menagerie,The,Good,Earth,Great,Expectations,The,Great,Gatsby,Grendel,Gulliver,s,Travels,Hamlet,Hard,The,Good,Earth
Great,Expectations,The,Great,Gatsby,Grendel,Gulliver,s,Travels,Hamlet,Hard,Times,Sorcerer,s,Stone,Heart,of,Darkness,The,Great
Grendel,Gulliver,s,Travels,Hamlet,Hard,Times,Sorcerer,s,Stone,Heart,of,Darkness,Henry,V,Hiroshima,The,Hobbit,Gables,Gulliver
Hamlet,Hard,Times,Sorcerer,s,Stone,Heart,of,Darkness,Henry,V,Hiroshima,The,Hobbit,Gables,Bird,Sings,The,Iliad,Hard
Sorcerer,s,Stone,Heart,of,Darkness,Henry,V,Hiroshima,The,Hobbit,Gables,Bird,Sings,The,Iliad,Inferno,Heart,of,Darkness
Henry,V,Hiroshima,The,Hobbit,Gables,Bird,Sings,The,Iliad,Inferno,Inherit,the,Wind,Invisible,Man,Jane,Eyre,Hiroshima,The
The,Hobbit,Gables,Bird,Sings,The,Iliad,Inferno,Inherit,the,Wind,Invisible,Man,Jane,Eyre,Johnny,Tremain,Julius,Gables,Bird
Bird,Sings,The,Iliad,Inferno,Inherit,the,Wind,Invisible,Man,Jane,Eyre,Johnny,Tremain,Julius,Caesar,The,Jungle,The,Iliad
Inferno,Inherit,the,Wind,Invisible,Man,Jane,Eyre,Johnny,Tremain,Julius,Caesar,The,Jungle,The,Killer,Angels,King,Lear,Inherit
Invisible,Man,Jane,Eyre,Johnny,Tremain,Julius,Caesar,The,Jungle,The,Killer,Angels,King,Lear,Les,Miserables,The,Jane,Eyre
Johnny,Tremain,Julius,Caesar,The,Jungle,The,Killer,Angels,King,Lear,Les,Miserables,The,Little,Prince,Little,Women,Julius,Caesar
The,Jungle,The,Killer,Angels,King,Lear,Les,Miserables,The,Little,Prince,Little,Women,Macbeth,Madame,Bovary,The,Killer,King
The,Little,Prince,Little,Women,Macbeth,Madame,Bovary,The,Mayor,of,Casterbridge,Dream,Moby,Dick,My,Antonia,Little,Women,Macbeth
Macbeth,Madame,Bovary,The,Mayor,of,Casterbridge,Dream,Moby,Dick,My,Antonia,Frederick,Douglass,Native,Son,The,New,Testament,Madame
The,Mayor,of,Casterbridge,Dream,Moby,Dick,My,Antonia,Frederick,Douglass,Native,Son,The,New,Testament,Night,Casterbridge,Dream,Moby
Dream,Moby,Dick,My,Antonia,Frederick,Douglass,Native,Son,The,New,Testament,Night,Notes,from,Underground,The,Odyssey,The,Moby
My,Antonia,Frederick,Douglass,Native,Son,The,New,Testament,Night,Notes,from,Underground,The,Odyssey,The,Oedipus,Plays,Frederick,Douglass
Native,Son,The,New,Testament,Night,Notes,from,Underground,The,Odyssey,The,Oedipus,Plays,The,Old,Testament,Oliver,The,New
Night,Notes,from,Underground,The,Odyssey,The,Oedipus,Plays,The,Old,Testament,Oliver,Twist,King,Ivan,Denisovich,Cuckoo,s,Notes
The,Odyssey,The,Oedipus,Plays,The,Old,Testament,Oliver,Twist,King,Ivan,Denisovich,Cuckoo,s,Nest,Solitude,Othello,The,Oedipus
The,Old,Testament,Oliver,Twist,King,Ivan,Denisovich,Cuckoo,s,Nest,Solitude,Othello,Our,Town,The,Outsiders,Oliver,Twist,King
King,Ivan,Denisovich,Cuckoo,s,Nest,Solitude,Othello,Our,Town,The,Outsiders,Paradise,Lost,The,Pearl,Gray,a,Young,Ivan
Cuckoo,s,Nest,Solitude,Othello,Our,Town,The,Outsiders,Paradise,Lost,The,Pearl,Gray,a,Young,Man,Solitude,Othello,Our
Othello,Our,Town,The,Outsiders,Paradise,Lost,The,Pearl,Gray,a,Young,Man,Pride,and,Prejudice,The,Prince,Courage,Our
The,Outsiders,Paradise,Lost,The,Pearl,Gray,a,Young,Man,Pride,and,Prejudice,The,Prince,Courage,The,Republic,Paradise,Lost
The,Pearl,Gray,a,Young,Man,Pride,and,Prejudice,The,Prince,Courage,The,Republic,Richard,III,Robinson,Crusoe,Gray,a
a,Young,Man,Pride,and,Prejudice,The,Prince,Courage,The,Republic,Richard,III,Robinson,Crusoe,Romeo,and,Pride,and,Prejudice
The,Prince,Courage,The,Republic,Richard,III,Robinson,Crusoe,Romeo,and,Juliet,The,Scarlet,Letter,A,Separate,Peace,Courage,The
The,Republic,Richard,III,Robinson,Crusoe,Romeo,and,Juliet,The,Scarlet,Letter,A,Separate,Peace,Silas,Marner,Knight,Richard,III
Robinson,Crusoe,Romeo,and,Juliet,The,Scarlet,Letter,A,Separate,Peace,Silas,Marner,Knight,Slaughterhouse,Five,Song,of,Romeo,and
The,Scarlet,Letter,A,Separate,Peace,Silas,Marner,Knight,Slaughterhouse,Five,Song,of,Solomon,Steppenwolf,The,Stranger,A,Separate,Peace
Silas,Marner,Knight,Slaughterhouse,Five,Song,of,Solomon,Steppenwolf,The,Stranger,Streetcar,Named,Desire,The,Tempest,Their,Eyes,Knight,Slaughterhouse
Slaughterhouse,Five,Song,of,Solomon,Steppenwolf,The,Stranger,Streetcar,Named,Desire,The,Tempest,Their,Eyes,Were,Watching,God,Song,of
Steppenwolf,The,Stranger,Streetcar,Named,Desire,The,Tempest,Their,Eyes,Were,Watching,God,Things,Fall,Apart,To,the,Lighthouse,The
Streetcar,Named,Desire,The,Tempest,Their,Eyes,Were,Watching,God,Things,Fall,Apart,To,the,Lighthouse,Treasure,The,Tempest,Their
Their,Eyes,Were,Watching,God,Things,Fall,Apart,To,the,Lighthouse,Treasure,Island,Twelfth,Night,Ulysses,Walden,Watching,God,Things
Things,Fall,Apart,To,the,Lighthouse,Treasure,Island,Twelfth,Night,Ulysses,Walden,War,and,Peace,Wuthering,Heights,To,the,Lighthouse
Treasure,Island,Twelfth,Night,Ulysses,Walden,War,and,Peace,Wuthering,Heights,Water,Twelfth,Night,Ulysses,Walden,War,and,Ulysses,Walden
War,and,Peace,Wuthering,Heights,Water,,,,,,,,,,,,,,
